Workbook

Sheet STATS_Digest
A1: Cumulative time for deployments | B1: =STATS!B1 -> #REF! | D1: Number of events per gear | E1: =STATS!J3 -> AT | F1: =STATS!K3 -> 5 | H1: Data Mass (GB) | I1: =SUM(I2:I8) -> 523.23
A2: Number of Events | B2: =STATS!F1 -> 171 | E2: =STATS!J4 -> BATHY | F2: 5 | H2: ROV_frontCAM
A3: Number of Samples | B3: =STATS!F2 -> 3951 | E3: =STATS!J5 -> CTD | F3: =STATS!K5 -> 13 | H3: ROV_GoPRO | I3: 425
A4: Fuel consumption | E4: =STATS!J6 -> CYANO | F4: =STATS!K6 -> 5 | H4: MAVIC2_Bruno | I4: =67+0.97+3.74+2.8+4.25+1.61+3.4+4.2+1.03+1.67+0.78+2.93+1.43+0.08+0.78+0.84+0.48+0.24 -> 98.23
A5: Area covered | E5: =STATS!J2 -> DR | F5: =STATS!K2 -> 5 | H5: Photos
E6: =STATS!J7 -> DRM | F6: =STATS!K7 -> 11 | H6: Videos
E7: =STATS!J8 -> ICE | F7: =STATS!K8 -> 0 | H7: CTD data
E8: =STATS!J9 -> ITD | F8: =STATS!K9 -> 3 | H8: Incubation data
E9: =STATS!J10 -> NIS | F9: =STATS!K10 -> 42
E10: =STATS!J11 -> RD | F10: =STATS!K11 -> 22
E11: =STATS!J12 -> ROV | F11: =STATS!K12 -> 22
E12: =STATS!J13 -> SCUBA | F12: =STATS!K13 -> 30
E13: =STATS!J14 -> SEAICE | F13: =STATS!K14 -> 2
E14: =STATS!J15 -> ST | F14: =STATS!K15 -> 2
E15: =STATS!J16 -> VV | F15: =STATS!K16 -> 7
F17: =SUM(F1:F15) -> 174

Sheet STATS
A1: Time Deployments | B1: =SUM(C:C) -> #REF! | E1: Number of Events | F1: =COUNTA(Events!B:B) -> 171 | H1: Number of Events per gear | J1: Number of Events per gear
A2: =Events!M2 -> 0.42361111 | B2: =Events!#REF! -> #REF! | C2: =B2-A2 -> #REF! | E2: Number of Samples | F2: =COUNTA(Samples!B:B) -> 3951 | H2: AT | I2: 1 | J2: DR | K2: =COUNTIF(H:H, J2) -> 5
A3: =Events!#REF! -> #REF! | B3: =Events!N2 -> 0.6875 | C3: =B3-A3 -> #REF! | H3: AT | I3: 2 | J3: AT | K3: =COUNTIF(H:H, J3) -> 5
A4: =Events!M3 -> 0.5 | B4: =Events!#REF! -> #REF! | C4: =B4-A4 -> #REF! | H4: AT | I4: 3 | J4: BATHY | K4: =COUNTIF(H:H, J4) -> 0
A5: =Events!#REF! -> #REF! | B5: =Events!N3 -> 0.3125 | C5: =B5-A5 -> #REF! | H5: AT | I5: 4 | J5: CTD | K5: =COUNTIF(H:H, J5) -> 13
A6: =Events!M4 -> 0.47916667 | B6: =Events!#REF! -> #REF! | C6: =B6-A6 -> #REF! | H6: AT | I6: 5 | J6: CYANO | K6: =COUNTIF(H:H, J6) -> 5
A7: =Events!#REF! -> #REF! | B7: =Events!N4 -> 0.70833333 | C7: =B7-A7 -> #REF! | H7: CTD | I7: 1 | J7: DRM | K7: =COUNTIF(H:H, J7) -> 11
A8: =Events!M5 -> 0.54166667 | B8: =Events!#REF! -> #REF! | C8: =B8-A8 -> #REF! | H8: CTD | I8: 2 | J8: ICE | K8: =COUNTIF(H:H, J8) -> 0
A9: =Events!#REF! -> #REF! | B9: =Events!N5 -> 0.35416667 | C9: =B9-A9 -> #REF! | H9: CTD | I9: 3 | J9: ITD | K9: =COUNTIF(H:H, J9) -> 3
A10: =Events!M6 -> 0.77083333 | B10: =Events!#REF! -> #REF! | C10: =B10-A10 -> #REF! | H10: CTD | I10: 4 | J10: NIS | K10: =COUNTIF(H:H, J10) -> 42
A11: =Events!#REF! -> #REF! | B11: =Events!N6 -> 0.39583333 | C11: =B11-A11 -> #REF! | H11: CTD | I11: 5 | J11: RD | K11: =COUNTIF(H:H, J11) -> 22
A12: =Events!M7 -> 0 | B12: =Events!N7 -> 0 | C12: =B12-A12 -> 0 | H12: CTD | I12: 6 | J12: ROV | K12: =COUNTIF(H:H, J12) -> 22
A13: =Events!M8 -> 0 | B13: =Events!N8 -> 0 | C13: =B13-A13 -> 0 | H13: CTD | I13: 7 | J13: SCUBA | K13: =COUNTIF(H:H, J13) -> 30
A14: =Events!M9 -> 0 | B14: =Events!N9 -> 0 | C14: =B14-A14 -> 0 | H14: CTD | I14: 8 | J14: SEAICE | K14: =COUNTIF(H:H, J14) -> 2
A15: =Events!M10 -> 0 | B15: =Events!N10 -> 0 | C15: =B15-A15 -> 0 | H15: CTD | I15: 9 | J15: ST | K15: =COUNTIF(H:H, J15) -> 2
A16: =Events!M11 -> 0.75 | B16: =Events!N11 -> 0.77083333 | C16: =B16-A16 -> 0.020833333 | H16: CTD | I16: 10 | J16: VV | K16: =COUNTIF(H:H, J16) -> 7
A17: =Events!M12 -> 0.60625 | B17: =Events!N12 -> 0.625 | C17: =B17-A17 -> 0.01875 | H17: CTD | I17: 11 | J17: ZZ | K17: =COUNTIF(H:H, J17) -> 1
A18: =Events!M13 -> 0.42708333 | B18: =Events!N13 -> 0.44791667 | C18: =B18-A18 -> 0.020833333 | H18: CTD | I18: 13
A19: =Events!M14 -> 0.60138889 | B19: =Events!N14 -> 0.62847222 | C19: =B19-A19 -> 0.027083333 | H19: CTD | I19: 14
A20: =Events!M15 -> 0.35069444 | B20: =Events!N15 -> 0.375 | C20: =B20-A20 -> 0.024305556 | H20: CYANO | I20: 1
A21: =Events!M16 -> 0.43055556 | B21: =Events!N16 -> 0.4375 | C21: =B21-A21 -> 0.0069444444 | H21: CYANO | I21: 2
A22: =Events!M17 -> 0.47152778 | B22: =Events!N17 -> 0.5 | C22: =B22-A22 -> 0.028472222 | H22: CYANO | I22: 3
A23: =Events!M18 -> 0.36944444 | B23: =Events!N18 -> 0.37083333 | C23: =B23-A23 -> 0.0013888889 | H23: CYANO | I23: 4
A24: =Events!M19 -> 0.49444444 | B24: =Events!N19 -> 0.49652778 | C24: =B24-A24 -> 0.0020833333 | H24: CYANO | I24: 5
A25: =Events!M20 -> 0.6875 | B25: =Events!N20 -> 0.70138889 | C25: =B25-A25 -> 0.013888889 | H25: DR | I25: 1
A26: =Events!M21 -> 0.4625 | B26: =Events!N21 -> 0.49305556 | C26: =B26-A26 -> 0.030555556 | H26: DR | I26: 2
A27: =Events!M22 -> 0.46527778 | B27: =Events!N22 -> 0.47222222 | C27: =B27-A27 -> 0.0069444444 | H27: DR | I27: 3
A28: =Events!M23 -> 0.78125 | B28: =Events!N23 -> 0.79166667 | C28: =B28-A28 -> 0.010416667 | H28: DR | I28: 4
A29: =Events!M24 -> 0.75486111 | B29: =Events!N24 -> 0.76875 | C29: =B29-A29 -> 0.013888889 | H29: DR | I29: 5
... A101: =Events!M96 -> 0.60416667 | B101: =Events!N96 -> 0.625 | C101: =B101-A101 -> 0.020833333 | H101: RD | I101: 16
A102: =Events!#REF! -> #REF! | B102: =Events!#REF! -> #REF! | C102: =B102-A102 -> #REF! | H102: RD | I102: 17
A103: =Events!M97 -> 0.60416667 | B103: =Events!N97 -> 0.61805556 | C103: =B103-A103 -> 0.013888889 | H103: RD | I103: 18
A104: =Events!M98 -> 0.36111111 | B104: =Events!N98 -> 0.375 | C104: =B104-A104 -> 0.013888889 | H104: RD | I104: 18
A105: =Events!M99 -> 0.6875 | B105: =Events!N99 -> 0.70833333 | C105: =B105-A105 -> 0.020833333 | H105: RD | I105: 19
A106: =Events!M100 -> 0.625 | B106: =Events!N100 -> 0.63888889 | C106: =B106-A106 -> 0.013888889 | H106: RD | I106: 20
A107: =Events!M101 -> 0.75 | B107: =Events!N101 -> 0.76388889 | C107: =B107-A107 -> 0.013888889 | H107: RD | I107: 21
A108: =Events!M102 -> 0.72916667 | B108: =Events!N102 -> 0.73958333 | C108: =B108-A108 -> 0.010416667 | H108: ROV | I108: 1
A109: =Events!M103 -> 0.45833333 | B109: =Events!N103 -> 0.47222222 | C109: =B109-A109 -> 0.013888889 | H109: ROV | I109: 2
A110: =Events!M104 -> 0.60416667 | B110: =Events!N104 -> 0.61805556 | C110: =B110-A110 -> 0.013888889 | H110: ROV | I110: 3
A111: =Events!M105 -> 0.4375 | B111: =Events!N105 -> 0.45138889 | C111: =B111-A111 -> 0.013888889 | H111: ROV | I111: 4
A112: =Events!M106 -> 0.75 | B112: =Events!N106 -> 0.77083333 | C112: =B112-A112 -> 0.020833333 | H112: ROV | I112: 5
A113: =Events!M107 -> 0.64583333 | B113: =Events!N107 -> 0.65972222 | C113: =B113-A113 -> 0.013888889 | H113: ROV | I113: 6
A114: =Events!M108 -> 0.6875 | B114: =Events!N108 -> 0.70138889 | C114: =B114-A114 -> 0.013888889 | H114: ROV | I114: 7
... A158: =Events!M152 -> 0.59375 | B158: =Events!N152 -> 0.61736111 | C158: =B158-A158 -> 0.023611111 | H158: SCUBA | I158: 29
A159: =Events!M154 -> 0.72083333 | B159: =Events!N153 -> 0.61805556 | C159: =B159-A159 -> -0.10277778 | H159: SCUBA | I159: 30
A160: =Events!M155 -> 0.39722222 | B160: =Events!N154 -> 0.72777778 | C160: =B160-A160 -> 0.33055556 | H160: SEAICE | I160: 1
A161: =Events!M156 -> 0.47847222 | B161: =Events!N155 -> 0.42361111 | C161: =B161-A161 -> -0.054861111 | H161: SEAICE | I161: 2
A162: =Events!M157 -> 0.39861111 | B162: =Events!N156 -> 0.50486111 | C162: =B162-A162 -> 0.10625 | H162: ST | I162: 1
A163: =Events!M158 -> 0.62083333 | B163: =Events!N157 -> 0.41875 | C163: =B163-A163 -> -0.20208333 | H163: ST | I163: 2
A164: =Events!M159 -> 0.40625 | B164: =Events!N158 -> 0.64861111 | C164: =B164-A164 -> 0.24236111 | H164: VV | I164: 1
A165: =Events!M160 -> 0.66666667 | B165: =Events!N159 -> 0.43402778 | C165: =B165-A165 -> -0.23263889 | H165: VV | I165: 2
A166: =Events!M161 -> 0.375 | B166: =Events!N160 -> 0.69097222 | C166: =B166-A166 -> 0.31597222 | H166: VV | I166: 3
A167: =Events!M162 -> 0.48958333 | B167: =Events!N161 -> 0.64583333 | C167: =B167-A167 -> 0.15625 | H167: VV | I167: 4
A168: =Events!M163 -> 0.38888889 | B168: =Events!N162 -> 0 | C168: =B168-A168 -> -0.38888889 | H168: VV | I168: 5
A169: =Events!#REF! -> #REF! | B169: =Events!#REF! -> #REF! | C169: =B169-A169 -> #REF! | H169: VV | I169: 6
A170: =Events!M164 -> 0.41666667 | B170: =Events!N163 -> 0.71875 | C170: =B170-A170 -> 0.30208333 | H170: VV | I170: 7
A171: =Events!M165 -> 0.58333333 | B171: =Events!N164 -> 0.4375 | C171: =B171-A171 -> -0.14583333 | H171: ZZ | I171: 1
A172: =Events!M166 -> 0.41666667 | B172: =Events!N165 -> 0.60416667 | C172: =B172-A172 -> 0.1875
A173: =Events!M167 -> 0.41666667 | B173: =Events!N166 -> 0.4375 | C173: =B173-A173 -> 0.020833333
A174: =Events!M168 -> 0.5 | B174: =Events!N167 -> 0.4375 | C174: =B174-A174 -> -0.0625
A175: =Events!M169 -> 0.45833333 | B175: =Events!N168 -> 0.60416667 | C175: =B175-A175 -> 0.14583333

Sheet Events
A1: parentEventID | B1: eventID | C1: eventDate_start | D1: eventDate_end | E1: Collector1 | F1: Collector2 | G1: Collector3 | H1: Collector4 | I1: collector1orcid | J1: collector2orcid | K1: collector3orcid | L1: collector4orcid | M1: Time start (UTC-3) | N1: Time end (UTC-3) | O1: Time start (UTC) | P1: Time end (UTC) | Q1: Latitude start (degree) | R1: Latitude start (decimal minutes) | S1: Longitude start (degree) | T1: Longitude start (decimal minutes) | U1: Latitude end (degree) | V1: Latitude end (decimal minutes) | W1: Longitude end (degree) | X1: Longitude end (decimal minutes) | Y1: Latitude start | Z1: Longitude start | AA1: Latitude end | AB1: Longitude end | AC1: Station Name | AD1: Minimum depth (m) | AE1: Maximum depth(m) | AF1: Max Altitude (m) | AG1: Bottom Depth (m) | AH1: Habitat | AI1: Sampling protocol | AJ1: Gear Type | AK1: Event Remarks
A2: TANGO_1 Expedition | B2: AT_1 | C2: 44977 | D2: 44978 | E2: Henri Robert | I2: =IF(E2="","",_xlfn.LET(_xlpm.x,VLOOKUP(E2,'Drop-down_menus'!$D$2:$E$13,2,FALSE),IF(_xlpm.x=0,"",_xlpm.x))) | J2: =IF(F2="","",_xlfn.LET(_xlpm.x,VLOOKUP(F2,'Drop-down_menus'!$D$2:$E$13,2,FALSE),IF(_xlpm.x=0,"",_xlpm.x))) | K2: =IF(G2="","",_xlfn.LET(_xlpm.x,VLOOKUP(G2,'Drop-down_menus'!$D$2:$E$13,2,FALSE),IF(_xlpm.x=0,"",_xlpm.x))) | L2: =IF(H2="","",_xlfn.LET(_xlpm.x,VLOOKUP(H2,'Drop-down_menus'!$D$2:$E$13,2,FALSE),IF(_xlpm.x=0,"",_xlpm.x))) | M2: 0.42361111 | N2: 0.6875 | Q2: 66 | R2: 0.083 | S2: 65 | T2: 47.249 | U2: 66 | V2: 0.0083 | W2: 65 | X2: 47.249 | Y2: =-(Q2+R2/60) -> -66.001383 | Z2: =-(S2+T2/60) -> -65.787483 | AA2: =-(U2+V2/60) -> -66.000138 | AB2: =-(W2+X2/60) -> -65.787483 | AC2: Dodman Island | AD2: 21 | AE2: 21 | AJ2: Amphipod Trap | AK2: Amphipod trap deployment and retrieval
A3: TANGO_1 Expedition | B3: AT_2 | C3: 44981 | D3: 44982 | E3: Henri Robert | I3: =IF(E3="","",_xlfn.LET(_xlpm.x,VLOOKUP(E3,'Drop-down_menus'!$D$2:$E$13,2,FALSE),IF(_xlpm.x=0,"",_xlpm.x))) | J3: =IF(F3="","",_xlfn.LET(_xlpm.x,VLOOKUP(F3,'Drop-down_menus'!$D$2:$E$13,2,FALSE),IF(_xlpm.x=0,"",_xlpm.x))) | K3: =IF(G3="","",_xlfn.LET(_xlpm.x,VLOOKUP(G3,'Drop-down_menus'!$D$2:$E$13,2,FALSE),IF(_xlpm.x=0,"",_xlpm.x))) | L3: =IF(H3="","",_xlfn.LET(_xlpm.x,VLOOKUP(H3,'Drop-down_menus'!$D$2:$E$13,2,FALSE),IF(_xlpm.x=0,"",_xlpm.x))) | M3: 0.5 | N3: 0.3125 | Q3: 65 | R3: 59.9 | S3: 65 | T3: 47.386 | U3: 66 | V3: 0.521 | W3: 65 | X3: 46.759 | Y3: =-(Q3+R3/60) -> -65.998333 | Z3: =-(S3+T3/60) -> -65.789767 | AA3: =-(U3+V3/60) -> -66.008683 | AB3: =-(W3+X3/60) -> -65.779317 | AC3: Dodman Island | AE3: 50 | AJ3: Amphipod Trap | AK3: Amphipod trap deployment and retrieval
A4: TANGO_1 Expedition | B4: AT_3 | C4: 44983 | D4: 44984 | E4: Henri Robert | I4: =IF(E4="","",_xlfn.LET(_xlpm.x,VLOOKUP(E4,'Drop-down_menus'!$D$2:$E$13,2,FALSE),IF(_xlpm.x=0,"",_xlpm.x))) | J4: =IF(F4="","",_xlfn.LET(_xlpm.x,VLOOKUP(F4,'Drop-down_menus'!$D$2:$E$13,2,FALSE),IF(_xlpm.x=0,"",_xlpm.x))) | K4: =IF(G4="","",_xlfn.LET(_xlpm.x,VLOOKUP(G4,'Drop-down_menus'!$D$2:$E$13,2,FALSE),IF(_xlpm.x=0,"",_xlpm.x))) | L4: =IF(H4="","",_xlfn.LET(_xlpm.x,VLOOKUP(H4,'Drop-down_menus'!$D$2:$E$13,2,FALSE),IF(_xlpm.x=0,"",_xlpm.x))) | M4: 0.47916667 | N4: 0.70833333 | Q4: 66 | R4: 0.575 | S4: 65 | T4: 46.303 | U4: 66 | V4: 0.5751 | W4: 65 | X4: 46.303 | Y4: =-(Q4+R4/60) -> -66.009583 | Z4: =-(S4+T4/60) -> -65.771717 | AC4: Dodman Island | AD4: 60 | AJ4: Amphipod Trap | AK4: Amphipod trap deployment and retrieval
A5: TANGO_1 Expedition | B5: AT_4 | C5: 44987 | D5: 44989 | E5: Henri Robert | I5: =IF(E5="","",_xlfn.LET(_xlpm.x,VLOOKUP(E5,'Drop-down_menus'!$D$2:$E$13,2,FALSE),IF(_xlpm.x=0,"",_xlpm.x))) | J5: =IF(F5="","",_xlfn.LET(_xlpm.x,VLOOKUP(F5,'Drop-down_menus'!$D$2:$E$13,2,FALSE),IF(_xlpm.x=0,"",_xlpm.x))) | K5: =IF(G5="","",_xlfn.LET(_xlpm.x,VLOOKUP(G5,'Drop-down_menus'!$D$2:$E$13,2,FALSE),IF(_xlpm.x=0,"",_xlpm.x))) | L5: =IF(H5="","",_xlfn.LET(_xlpm.x,VLOOKUP(H5,'Drop-down_menus'!$D$2:$E$13,2,FALSE),IF(_xlpm.x=0,"",_xlpm.x))) | M5: 0.54166667 | N5: 0.35416667 | Q5: 67 | R5: 33.222 | S5: 67 | T5: 13.146 | U5: 67 | V5: 33.222 | W5: 67 | X5: 13.146 | Y5: =-(Q5+R5/60) -> -67.5537 | Z5: =-(S5+T5/60) -> -67.2191 | AC5: Blaiklock Island | AE5: 24 | AJ5: Amphipod Trap | AK5: Amphipod trap deployment and retrieval
A6: TANGO_1 Expedition | B6: AT_5 | C6: 44990 | D6: 44992 | E6: Henri Robert | I6: =IF(E6="","",_xlfn.LET(_xlpm.x,VLOOKUP(E6,'Drop-down_menus'!$D$2:$E$13,2,FALSE),IF(_xlpm.x=0,"",_xlpm.x))) | J6: =IF(F6="","",_xlfn.LET(_xlpm.x,VLOOKUP(F6,'Drop-down_menus'!$D$2:$E$13,2,FALSE),IF(_xlpm.x=0,"",_xlpm.x))) | K6: =IF(G6="","",_xlfn.LET(_xlpm.x,VLOOKUP(G6,'Drop-down_menus'!$D$2:$E$13,2,FALSE),IF(_xlpm.x=0,"",_xlpm.x))) | L6: =IF(H6="","",_xlfn.LET(_xlpm.x,VLOOKUP(H6,'Drop-down_menus'!$D$2:$E$13,2,FALSE),IF(_xlpm.x=0,"",_xlpm.x))) | M6: 0.77083333 | N6: 0.39583333 | Q6: 67 | R6: 30.9 | S6: 67 | T6: 5.977 | U6: 67 | V6: 30.9 | W6: 67 | X6: 5.977 | Y6: =-(Q6+R6/60) -> -67.515 | Z6: =-(S6+T6/60) -> -67.099617 | AC6: Blaiklock Island | AD6: 23 | AE6: 23 | AJ6: Amphipod Trap | AK6: Amphipod trap deployment and retrieval
A7: TANGO_1 Expedition | B7: BATHY_XX_1 | C7: 44986 | E7: Ben Wallis | I7: =IF(E7="","",_xlfn.LET(_xlpm.x,VLOOKUP(E7,'Drop-down_menus'!$D$2:$E$13,2,FALSE),IF(_xlpm.x=0,"",_xlpm.x))) | J7: =IF(F7="","",_xlfn.LET(_xlpm.x,VLOOKUP(F7,'Drop-down_menus'!$D$2:$E$13,2,FALSE),IF(_xlpm.x=0,"",_xlpm.x))) | K7: =IF(G7="","",_xlfn.LET(_xlpm.x,VLOOKUP(G7,'Drop-down_menus'!$D$2:$E$13,2,FALSE),IF(_xlpm.x=0,"",_xlpm.x))) | L7: =IF(H7="","",_xlfn.LET(_xlpm.x,VLOOKUP(H7,'Drop-down_menus'!$D$2:$E$13,2,FALSE),IF(_xlpm.x=0,"",_xlpm.x))) | Y7: =-(Q7+R7/60) -> 0 | Z7: =-(S7+T7/60) -> 0 | AA7: =-(U7+V7/60) -> 0 | AB7: =-(W7+X7/60) -> 0 | AC7: Blaiklock Island | AJ7: Mavic 2 PRO drone aerial mapping | AK7: DroneDeploy Photogrammetry
A8: TANGO_1 Expedition | B8: BATHY_XX_2 | C8: 44987 | E8: Ben Wallis | I8: =IF(E8="","",_xlfn.LET(_xlpm.x,VLOOKUP(E8,'Drop-down_menus'!$D$2:$E$13,2,FALSE),IF(_xlpm.x=0,"",_xlpm.x))) | J8: =IF(F8="","",_xlfn.LET(_xlpm.x,VLOOKUP(F8,'Drop-down_menus'!$D$2:$E$13,2,FALSE),IF(_xlpm.x=0,"",_xlpm.x))) | K8: =IF(G8="","",_xlfn.LET(_xlpm.x,VLOOKUP(G8,'Drop-down_menus'!$D$2:$E$13,2,FALSE),IF(_xlpm.x=0,"",_xlpm.x))) | L8: =IF(H8="","",_xlfn.LET(_xlpm.x,VLOOKUP(H8,'Drop-down_menus'!$D$2:$E$13,2,FALSE),IF(_xlpm.x=0,"",_xlpm.x))) | Y8: =-(Q8+R8/60) -> 0 | Z8: =-(S8+T8/60) -> 0 | AA8: =-(U8+V8/60) -> 0 | AB8: =-(W8+X8/60) -> 0 | AC8: Blaiklock Island | AJ8: Fine-scale bathymetry
A9: TANGO_1 Expedition | B9: BATHY_XX_3 | C9: 44988 | E9: Ben Wallis | I9: =IF(E9="","",_xlfn.LET(_xlpm.x,VLOOKUP(E9,'Drop-down_menus'!$D$2:$E$13,2,FALSE),IF(_xlpm.x=0,"",_xlpm.x))) | J9: =IF(F9="","",_xlfn.LET(_xlpm.x,VLOOKUP(F9,'Drop-down_menus'!$D$2:$E$13,2,FALSE),IF(_xlpm.x=0,"",_xlpm.x))) | K9: =IF(G9="","",_xlfn.LET(_xlpm.x,VLOOKUP(G9,'Drop-down_menus'!$D$2:$E$13,2,FALSE),IF(_xlpm.x=0,"",_xlpm.x))) | L9: =IF(H9="","",_xlfn.LET(_xlpm.x,VLOOKUP(H9,'Drop-down_menus'!$D$2:$E$13,2,FALSE),IF(_xlpm.x=0,"",_xlpm.x))) | Y9: =-(Q9+R9/60) -> 0 | Z9: =-(S9+T9/60) -> 0 | AA9: =-(U9+V9/60) -> 0 | AB9: =-(W9+X9/60) -> 0 | AC9: Blaiklock Island | AJ9: Mavic 2 PRO drone aerial mapping | AK9: DroneDeploy Photogrammetry
A10: TANGO_1 Expedition | B10: BATHY_XX_4 | C10: 44988 | E10: Ben Wallis | I10: =IF(E10="","",_xlfn.LET(_xlpm.x,VLOOKUP(E10,'Drop-down_menus'!$D$2:$E$13,2,FALSE),IF(_xlpm.x=0,"",_xlpm.x))) | J10: =IF(F10="","",_xlfn.LET(_xlpm.x,VLOOKUP(F10,'Drop-down_menus'!$D$2:$E$13,2,FALSE),IF(_xlpm.x=0,"",_xlpm.x))) | K10: =IF(G10="","",_xlfn.LET(_xlpm.x,VLOOKUP(G10,'Drop-down_menus'!$D$2:$E$13,2,FALSE),IF(_xlpm.x=0,"",_xlpm.x))) | L10: =IF(H10="","",_xlfn.LET(_xlpm.x,VLOOKUP(H10,'Drop-down_menus'!$D$2:$E$13,2,FALSE),IF(_xlpm.x=0,"",_xlpm.x))) | Y10: =-(Q10+R10/60) -> 0 | Z10: =-(S10+T10/60) -> 0 | AA10: =-(U10+V10/60) -> 0 | AB10: =-(W10+X10/60) -> 0 | AC10: Blaiklock Island | AJ10: Fine-scale bathymetry
A11: TANGO_1 Expedition | B11: CTD_1 | C11: 44976 | E11: Axelle Brusselman | I11: =IF(E11="","",_xlfn.LET(_xlpm.x,VLOOKUP(E11,'Drop-down_menus'!$D$2:$E$13,2,FALSE),IF(_xlpm.x=0,"",_xlpm.x))) -> https://orcid.org/0009-0002-6669-2911 | J11: =IF(F11="","",_xlfn.LET(_xlpm.x,VLOOKUP(F11,'Drop-down_menus'!$D$2:$E$13,2,FALSE),IF(_xlpm.x=0,"",_xlpm.x))) | K11: =IF(G11="","",_xlfn.LET(_xlpm.x,VLOOKUP(G11,'Drop-down_menus'!$D$2:$E$13,2,FALSE),IF(_xlpm.x=0,"",_xlpm.x))) | L11: =IF(H11="","",_xlfn.LET(_xlpm.x,VLOOKUP(H11,'Drop-down_menus'!$D$2:$E$13,2,FALSE),IF(_xlpm.x=0,"",_xlpm.x))) | M11: 0.75 | N11: 0.77083333 | Q11: 66 | R11: 0.016 | S11: 65 | T11: 46.643 | Y11: =-(Q11+R11/60) -> -66.000267 | Z11: =-(S11+T11/60) -> -65.777383 | AA11: =-(U11+V11/60) -> 0 | AB11: =-(W11+X11/60) -> 0 | AC11: Dodman Island | AD11: 0 | AE11: 0 | AJ11: STAR_ODDI DST CTD
A12: TANGO_1 Expedition | B12: CTD_11 | C12: 44990 | E12: Axelle Brusselman | F12: Bruno Delille | G12: Bruno Danis | I12: =IF(E12="","",_xlfn.LET(_xlpm.x,VLOOKUP(E12,'Drop-down_menus'!$D$2:$E$13,2,FALSE),IF(_xlpm.x=0,"",_xlpm.x))) -> https://orcid.org/0009-0002-6669-2911 | J12: =IF(F12="","",_xlfn.LET(_xlpm.x,VLOOKUP(F12,'Drop-down_menus'!$D$2:$E$13,2,FALSE),IF(_xlpm.x=0,"",_xlpm.x))) -> https://orcid.org/0000-0003-0502-8101 | K12: =IF(G12="","",_xlfn.LET(_xlpm.x,VLOOKUP(G12,'Drop-down_menus'!$D$2:$E$13,2,FALSE),IF(_xlpm.x=0,"",_xlpm.x))) -> https://orcid.org/0000-0002-9037-7623 | L12: =IF(H12="","",_xlfn.LET(_xlpm.x,VLOOKUP(H12,'Drop-down_menus'!$D$2:$E$13,2,FALSE),IF(_xlpm.x=0,"",_xlpm.x))) | M12: 0.60625 | N12: 0.625 | Q12: 67 | R12: 30.3081 | S12: 67 | T12: 3.104 | Y12: =-(Q12+R12/60) -> -67.505135 | Z12: =-(S12+T12/60) -> -67.051733 | AA12: =-(U12+V12/60) -> 0 | AB12: =-(W12+X12/60) -> 0 | AC12: Blaiklock Island | AE12: 19.2 | AJ12: CTD casts
A13: TANGO_1 Expedition | B13: CTD_13 | C13: 44992 | E13: Bruno Delille | F13: Axelle Brusselman | I13: =IF(E13="","",_xlfn.LET(_xlpm.x,VLOOKUP(E13,'Drop-down_menus'!$D$2:$E$13,2,FALSE),IF(_xlpm.x=0,"",_xlpm.x))) -> https://orcid.org/0000-0003-0502-8101 | J13: =IF(F13="","",_xlfn.LET(_xlpm.x,VLOOKUP(F13,'Drop-down_menus'!$D$2:$E$13,2,FALSE),IF(_xlpm.x=0,"",_xlpm.x))) -> https://orcid.org/0009-0002-6669-2911 | K13: =IF(G13="","",_xlfn.LET(_xlpm.x,VLOOKUP(G13,'Drop-down_menus'!$D$2:$E$13,2,FALSE),IF(_xlpm.x=0,"",_xlpm.x))) | L13: =IF(H13="","",_xlfn.LET(_xlpm.x,VLOOKUP(H13,'Drop-down_menus'!$D$2:$E$13,2,FALSE),IF(_xlpm.x=0,"",_xlpm.x))) | M13: 0.42708333 | N13: 0.44791667 | Q13: 67 | R13: 30.905 | S13: 67 | T13: 5.999 | Y13: =-(Q13+R13/60) -> -67.515083 | Z13: =-(S13+T13/60) -> -67.099983 | AA13: =-(U13+V13/60) -> 0 | AB13: =-(W13+X13/60) -> 0 | AC13: Blaiklock Island | AJ13: CTD casts
A14: TANGO_1 Expedition | B14: CTD_14 | C14: 44992 | E14: Bruno Delille | F14: Axelle Brusselman | I14: =IF(E14="","",_xlfn.LET(_xlpm.x,VLOOKUP(E14,'Drop-down_menus'!$D$2:$E$13,2,FALSE),IF(_xlpm.x=0,"",_xlpm.x))) -> https://orcid.org/0000-0003-0502-8101 | J14: =IF(F14="","",_xlfn.LET(_xlpm.x,VLOOKUP(F14,'Drop-down_menus'!$D$2:$E$13,2,FALSE),IF(_xlpm.x=0,"",_xlpm.x))) -> https://orcid.org/0009-0002-6669-2911 | K14: =IF(G14="","",_xlfn.LET(_xlpm.x,VLOOKUP(G14,'Drop-down_menus'!$D$2:$E$13,2,FALSE),IF(_xlpm.x=0,"",_xlpm.x))) | L14: =IF(H14="","",_xlfn.LET(_xlpm.x,VLOOKUP(H14,'Drop-down_menus'!$D$2:$E$13,2,FALSE),IF(_xlpm.x=0,"",_xlpm.x))) | M14: 0.60138889 | N14: 0.62847222 | Q14: 67 | R14: 30.195 | S14: 67 | T14: 7.834 | Y14: =-(Q14+R14/60) -> -67.50325 | Z14: =-(S14+T14/60) -> -67.130567 | AA14: =-(U14+V14/60) -> 0 | AB14: =-(W14+X14/60) -> 0 | AC14: Blaiklock Island | AJ14: CTD casts
A15: TANGO_1 Expedition | B15: CTD_2 | C15: 44977 | E15: Bruno Delille | F15: Axelle Brusselman | I15: =IF(E15="","",_xlfn.LET(_xlpm.x,VLOOKUP(E15,'Drop-down_menus'!$D$2:$E$13,2,FALSE),IF(_xlpm.x=0,"",_xlpm.x))) -> https://orcid.org/0000-0003-0502-8101 | J15: =IF(F15="","",_xlfn.LET(_xlpm.x,VLOOKUP(F15,'Drop-down_menus'!$D$2:$E$13,2,FALSE),IF(_xlpm.x=0,"",_xlpm.x))) -> https://orcid.org/0009-0002-6669-2911 | K15: =IF(G15="","",_xlfn.LET(_xlpm.x,VLOOKUP(G15,'Drop-down_menus'!$D$2:$E$13,2,FALSE),IF(_xlpm.x=0,"",_xlpm.x))) | L15: =IF(H15="","",_xlfn.LET(_xlpm.x,VLOOKUP(H15,'Drop-down_menus'!$D$2:$E$13,2,FALSE),IF(_xlpm.x=0,"",_xlpm.x))) | M15: 0.35069444 | N15: 0.375 | Q15: 66 | R15: 0.016 | S15: 65 | T15: 46.643 | Y15: =-(Q15+R15/60) -> -66.000267 | Z15: =-(S15+T15/60) -> -65.777383 | AA15: =-(U15+V15/60) -> 0 | AB15: =-(W15+X15/60) -> 0 | AC15: Dodman Island | AD15: 0 | AJ15: STAR_ODDI DST CTD | AK15: Test
A16: TANGO_1 Expedition | B16: CTD_3 | C16: 44977 | E16: Bruno Delille | F16: Axelle Brusselman | I16: =IF(E16="","",_xlfn.LET(_xlpm.x,VLOOKUP(E16,'Drop-down_menus'!$D$2:$E$13,2,FALSE),IF(_xlpm.x=0,"",_xlpm.x))) -> https://orcid.org/0000-0003-0502-8101 | J16: =IF(F16="","",_xlfn.LET(_xlpm.x,VLOOKUP(F16,'Drop-down_menus'!$D$2:$E$13,2,FALSE),IF(_xlpm.x=0,"",_xlpm.x))) -> https://orcid.org/0009-0002-6669-2911 | K16: =IF(G16="","",_xlfn.LET(_xlpm.x,VLOOKUP(G16,'Drop-down_menus'!$D$2:$E$13,2,FALSE),IF(_xlpm.x=0,"",_xlpm.x))) | L16: =IF(H16="","",_xlfn.LET(_xlpm.x,VLOOKUP(H16,'Drop-down_menus'!$D$2:$E$13,2,FALSE),IF(_xlpm.x=0,"",_xlpm.x))) | M16: 0.43055556 | N16: 0.4375 | Q16: 66 | R16: 0.016 | S16: 65 | T16: 46.643 | Y16: =-(Q16+R16/60) -> -66.000267 | Z16: =-(S16+T16/60) -> -65.777383 | AA16: =-(U16+V16/60) -> 0 | AB16: =-(W16+X16/60) -> 0 | AC16: Dodman Island | AD16: 0 | AJ16: STAR_ODDI DST CTD | AK16: Test
A17: TANGO_1 Expedition | B17: CTD_4 | C17: 44977 | E17: Bruno Delille | F17: Axelle Brusselman | I17: =IF(E17="","",_xlfn.LET(_xlpm.x,VLOOKUP(E17,'Drop-down_menus'!$D$2:$E$13,2,FALSE),IF(_xlpm.x=0,"",_xlpm.x))) -> https://orcid.org/0000-0003-0502-8101 | J17: =IF(F17="","",_xlfn.LET(_xlpm.x,VLOOKUP(F17,'Drop-down_menus'!$D$2:$E$13,2,FALSE),IF(_xlpm.x=0,"",_xlpm.x))) -> https://orcid.org/0009-0002-6669-2911 | K17: =IF(G17="","",_xlfn.LET(_xlpm.x,VLOOKUP(G17,'Drop-down_menus'!$D$2:$E$13,2,FALSE),IF(_xlpm.x=0,"",_xlpm.x))) | L17: =IF(H17="","",_xlfn.LET(_xlpm.x,VLOOKUP(H17,'Drop-down_menus'!$D$2:$E$13,2,FALSE),IF(_xlpm.x=0,"",_xlpm.x))) | M17: 0.47152778 | N17: 0.5 | Q17: 66 | R17: 0.016 | S17: 65 | T17: 46.643 | Y17: =-(Q17+R17/60) -> -66.000267 | Z17: =-(S17+T17/60) -> -65.777383 | AA17: =-(U17+V17/60) -> 0 | AB17: =-(W17+X17/60) -> 0 | AC17: Dodman Island | AD17: 0 | AJ17: STAR_ODDI DST CTD
A18: TANGO_1 Expedition | B18: CTD_5 | C18: 44978 | E18: Bruno Delille | F18: Axelle Brusselman | I18: =IF(E18="","",_xlfn.LET(_xlpm.x,VLOOKUP(E18,'Drop-down_menus'!$D$2:$E$13,2,FALSE),IF(_xlpm.x=0,"",_xlpm.x))) -> https://orcid.org/0000-0003-0502-8101 | J18: =IF(F18="","",_xlfn.LET(_xlpm.x,VLOOKUP(F18,'Drop-down_menus'!$D$2:$E$13,2,FALSE),IF(_xlpm.x=0,"",_xlpm.x))) -> https://orcid.org/0009-0002-6669-2911 | K18: =IF(G18="","",_xlfn.LET(_xlpm.x,VLOOKUP(G18,'Drop-down_menus'!$D$2:$E$13,2,FALSE),IF(_xlpm.x=0,"",_xlpm.x))) | L18: =IF(H18="","",_xlfn.LET(_xlpm.x,VLOOKUP(H18,'Drop-down_menus'!$D$2:$E$13,2,FALSE),IF(_xlpm.x=0,"",_xlpm.x))) | M18: 0.36944444 | N18: 0.37083333 | Q18: 66 | R18: 0.016 | S18: 65 | T18: 46.643 | Y18: =-(Q18+R18/60) -> -66.000267 | Z18: =-(S18+T18/60) -> -65.777383 | AA18: =-(U18+V18/60) -> 0 | AB18: =-(W18+X18/60) -> 0 | AC18: Dodman Island | AD18: 0 | AE18: 16.3 | AJ18: CTD casts
A19: TANGO_1 Expedition | B19: CTD_6 | C19: 44980 | E19: Bruno Delille | F19: Axelle Brusselman | I19: =IF(E19="","",_xlfn.LET(_xlpm.x,VLOOKUP(E19,'Drop-down_menus'!$D$2:$E$13,2,FALSE),IF(_xlpm.x=0,"",_xlpm.x))) -> https://orcid.org/0000-0003-0502-8101 | J19: =IF(F19="","",_xlfn.LET(_xlpm.x,VLOOKUP(F19,'Drop-down_menus'!$D$2:$E$13,2,FALSE),IF(_xlpm.x=0,"",_xlpm.x))) -> https://orcid.org/0009-0002-6669-2911 | K19: =IF(G19="","",_xlfn.LET(_xlpm.x,VLOOKUP(G19,'Drop-down_menus'!$D$2:$E$13,2,FALSE),IF(_xlpm.x=0,"",_xlpm.x))) | L19: =IF(H19="","",_xlfn.LET(_xlpm.x,VLOOKUP(H19,'Drop-down_menus'!$D$2:$E$13,2,FALSE),IF(_xlpm.x=0,"",_xlpm.x))) | M19: 0.49444444 | N19: 0.49652778 | Q19: 66 | R19: 0.027 | S19: 65 | T19: 46.75 | Y19: =-(Q19+R19/60) -> -66.00045 | Z19: =-(S19+T19/60) -> -65.779167 | AA19: =-(U19+V19/60) -> 0 | AB19: =-(W19+X19/60) -> 0 | AC19: Dodman Island | AJ19: CTD casts
A20: TANGO_1 Expedition | B20: CTD_7 | C20: 44982 | E20: Bruno Delille | F20: Axelle Brusselman | I20: =IF(E20="","",_xlfn.LET(_xlpm.x,VLOOKUP(E20,'Drop-down_menus'!$D$2:$E$13,2,FALSE),IF(_xlpm.x=0,"",_xlpm.x))) -> https://orcid.org/0000-0003-0502-8101 | J20: =IF(F20="","",_xlfn.LET(_xlpm.x,VLOOKUP(F20,'Drop-down_menus'!$D$2:$E$13,2,FALSE),IF(_xlpm.x=0,"",_xlpm.x))) -> https://orcid.org/0009-0002-6669-2911 | K20: =IF(G20="","",_xlfn.LET(_xlpm.x,VLOOKUP(G20,'Drop-down_menus'!$D$2:$E$13,2,FALSE),IF(_xlpm.x=0,"",_xlpm.x))) | L20: =IF(H20="","",_xlfn.LET(_xlpm.x,VLOOKUP(H20,'Drop-down_menus'!$D$2:$E$13,2,FALSE),IF(_xlpm.x=0,"",_xlpm.x))) | M20: 0.6875 | N20: 0.70138889 | Q20: 66 | R20: 1.225 | S20: 65 | T20: 50.694 | Y20: =-(Q20+R20/60) -> -66.020417 | Z20: =-(S20+T20/60) -> -65.8449 | AA20: =-(U20+V20/60) -> 0 | AB20: =-(W20+X20/60) -> 0 | AC20: Grandidier Channel | AD20: 0 | AE20: 100 | AJ20: CTD casts
A21: TANGO_1 Expedition | B21: CTD_8 | C21: 44987 | E21: Bruno Delille | F21: Axelle Brusselman | I21: =IF(E21="","",_xlfn.LET(_xlpm.x,VLOOKUP(E21,'Drop-down_menus'!$D$2:$E$13,2,FALSE),IF(_xlpm.x=0,"",_xlpm.x))) -> https://orcid.org/0000-0003-0502-8101 | J21: =IF(F21="","",_xlfn.LET(_xlpm.x,VLOOKUP(F21,'Drop-down_menus'!$D$2:$E$13,2,FALSE),IF(_xlpm.x=0,"",_xlpm.x))) -> https://orcid.org/0009-0002-6669-2911 | K21: =IF(G21="","",_xlfn.LET(_xlpm.x,VLOOKUP(G21,'Drop-down_menus'!$D$2:$E$13,2,FALSE),IF(_xlpm.x=0,"",_xlpm.x))) | L21: =IF(H21="","",_xlfn.LET(_xlpm.x,VLOOKUP(H21,'Drop-down_menus'!$D$2:$E$13,2,FALSE),IF(_xlpm.x=0,"",_xlpm.x))) | M21: 0.4625 | N21: 0.49305556 | Q21: 67 | R21: 33.112 | S21: 67 | T21: 12.89 | Y21: =-(Q21+R21/60) -> -67.551867 | Z21: =-(S21+T21/60) -> -67.214833 | AA21: =-(U21+V21/60) -> 0 | AB21: =-(W21+X21/60) -> 0 | AC21: Blaiklock Island | AJ21: CTD casts
A22: TANGO_1 Expedition | B22: CTD_9 | C22: 44989 | E22: Bruno Delille | F22: Axelle Brusselman | I22: =IF(E22="","",_xlfn.LET(_xlpm.x,VLOOKUP(E22,'Drop-down_menus'!$D$2:$E$13,2,FALSE),IF(_xlpm.x=0,"",_xlpm.x))) -> https://orcid.org/0000-0003-0502-8101 | J22: =IF(F22="","",_xlfn.LET(_xlpm.x,VLOOKUP(F22,'Drop-down_menus'!$D$2:$E$13,2,FALSE),IF(_xlpm.x=0,"",_xlpm.x))) -> https://orcid.org/0009-0002-6669-2911 | K22: =IF(G22="","",_xlfn.LET(_xlpm.x,VLOOKUP(G22,'Drop-down_menus'!$D$2:$E$13,2,FALSE),IF(_xlpm.x=0,"",_xlpm.x))) | L22: =IF(H22="","",_xlfn.LET(_xlpm.x,VLOOKUP(H22,'Drop-down_menus'!$D$2:$E$13,2,FALSE),IF(_xlpm.x=0,"",_xlpm.x))) | M22: 0.46527778 | N22: 0.47222222 | Q22: 67 | R22: 32.994 | S22: 67 | T22: 14.852 | Y22: =-(Q22+R22/60) -> -67.5499 | Z22: =-(S22+T22/60) -> -67.247533 | AA22: =-(U22+V22/60) -> 0 | AB22: =-(W22+X22/60) -> 0 | AC22: Blaiklock Island | AD22: 0 | AE22: 16 | AJ22: CTD casts
A23: TANGO_1 Expedition | B23: CYANO_1 | C23: 44979 | E23: Bruno Delille | F23: Axelle Brusselman | I23: =IF(E23="","",_xlfn.LET(_xlpm.x,VLOOKUP(E23,'Drop-down_menus'!$D$2:$E$13,2,FALSE),IF(_xlpm.x=0,"",_xlpm.x))) -> https://orcid.org/0000-0003-0502-8101 | J23: =IF(F23="","",_xlfn.LET(_xlpm.x,VLOOKUP(F23,'Drop-down_menus'!$D$2:$E$13,2,FALSE),IF(_xlpm.x=0,"",_xlpm.x))) -> https://orcid.org/0009-0002-6669-2911 | K23: =IF(G23="","",_xlfn.LET(_xlpm.x,VLOOKUP(G23,'Drop-down_menus'!$D$2:$E$13,2,FALSE),IF(_xlpm.x=0,"",_xlpm.x))) | L23: =IF(H23="","",_xlfn.LET(_xlpm.x,VLOOKUP(H23,'Drop-down_menus'!$D$2:$E$13,2,FALSE),IF(_xlpm.x=0,"",_xlpm.x))) | M23: 0.78125 | N23: 0.79166667 | Y23: -65.4686 | Z23: -65.996 | AC23: Dodman Island | AE23: 0 | AJ23: Cyanobacteria sampling
A24: TANGO_1 Expedition | B24: CYANO_2 | C24: 44980 | E24: Bruno Delille | F24: Axelle Brusselman | I24: =IF(E24="","",_xlfn.LET(_xlpm.x,VLOOKUP(E24,'Drop-down_menus'!$D$2:$E$13,2,FALSE),IF(_xlpm.x=0,"",_xlpm.x))) -> https://orcid.org/0000-0003-0502-8101 | J24: =IF(F24="","",_xlfn.LET(_xlpm.x,VLOOKUP(F24,'Drop-down_menus'!$D$2:$E$13,2,FALSE),IF(_xlpm.x=0,"",_xlpm.x))) -> https://orcid.org/0009-0002-6669-2911 | K24: =IF(G24="","",_xlfn.LET(_xlpm.x,VLOOKUP(G24,'Drop-down_menus'!$D$2:$E$13,2,FALSE),IF(_xlpm.x=0,"",_xlpm.x))) | L24: =IF(H24="","",_xlfn.LET(_xlpm.x,VLOOKUP(H24,'Drop-down_menus'!$D$2:$E$13,2,FALSE),IF(_xlpm.x=0,"",_xlpm.x))) | M24: 0.75486111 | N24: 0.76875 | Q24: 65 | R24: 59.94 | S24: 65 | T24: 46.87 | Y24: =-(Q24+R24/60) -> -65.999 | Z24: =-(S24+T24/60) -> -65.781167 | AA24: =-(U24+V24/60) -> 0 | AB24: =-(W24+X24/60) -> 0 | AC24: Dodman Island | AJ24: Cyanobacteria sampling
A25: TANGO_1 Expedition | B25: CYANO_3 | C25: 44984 | E25: Axelle Brusselman | F25: Maria Amenabar | G25: Annette Bombosch | I25: =IF(E25="","",_xlfn.LET(_xlpm.x,VLOOKUP(E25,'Drop-down_menus'!$D$2:$E$13,2,FALSE),IF(_xlpm.x=0,"",_xlpm.x))) -> https://orcid.org/0009-0002-6669-2911 | J25: =IF(F25="","",_xlfn.LET(_xlpm.x,VLOOKUP(F25,'Drop-down_menus'!$D$2:$E$13,2,FALSE),IF(_xlpm.x=0,"",_xlpm.x))) | K25: =IF(G25="","",_xlfn.LET(_xlpm.x,VLOOKUP(G25,'Drop-down_menus'!$D$2:$E$13,2,FALSE),IF(_xlpm.x=0,"",_xlpm.x))) | L25: =IF(H25="","",_xlfn.LET(_xlpm.x,VLOOKUP(H25,'Drop-down_menus'!$D$2:$E$13,2,FALSE),IF(_xlpm.x=0,"",_xlpm.x))) | M25: 0.6625 | N25: 0.69444444 | Q25: 66 | R25: 0.05715 | S25: 65 | T25: 46.4785 | Y25: =-(Q25+R25/60) -> -66.000952 | Z25: =-(S25+T25/60) -> -65.774642 | AA25: =-(U25+V25/60) -> 0 | AB25: =-(W25+X25/60) -> 0 | AC25: Dodman Island | AJ25: Cyanobacteria sampling
A26: TANGO_1 Expedition | B26: CYANO_4 | C26: 44984 | E26: Axelle Brusselman | F26: Maria Amenabar | G26: Annette Bombosch | I26: =IF(E26="","",_xlfn.LET(_xlpm.x,VLOOKUP(E26,'Drop-down_menus'!$D$2:$E$13,2,FALSE),IF(_xlpm.x=0,"",_xlpm.x))) -> https://orcid.org/0009-0002-6669-2911 | J26: =IF(F26="","",_xlfn.LET(_xlpm.x,VLOOKUP(F26,'Drop-down_menus'!$D$2:$E$13,2,FALSE),IF(_xlpm.x=0,"",_xlpm.x))) | K26: =IF(G26="","",_xlfn.LET(_xlpm.x,VLOOKUP(G26,'Drop-down_menus'!$D$2:$E$13,2,FALSE),IF(_xlpm.x=0,"",_xlpm.x))) | L26: =IF(H26="","",_xlfn.LET(_xlpm.x,VLOOKUP(H26,'Drop-down_menus'!$D$2:$E$13,2,FALSE),IF(_xlpm.x=0,"",_xlpm.x))) | M26: 0.70138889 | N26: 0.72916667 | Q26: 66 | R26: 0.0965 | S26: 65 | T26: 45.842 | Y26: =-(Q26+R26/60) -> -66.001608 | Z26: =-(S26+T26/60) -> -65.764033 | AA26: =-(U26+V26/60) -> 0 | AB26: =-(W26+X26/60) -> 0 | AC26: Dodman Island | AJ26: Cyanobacteria sampling
A27: TANGO_1 Expedition | B27: CYANO_5 | C27: 44987 | E27: Axelle Brusselman | I27: =IF(E27="","",_xlfn.LET(_xlpm.x,VLOOKUP(E27,'Drop-down_menus'!$D$2:$E$13,2,FALSE),IF(_xlpm.x=0,"",_xlpm.x))) -> https://orcid.org/0009-0002-6669-2911 | J27: =IF(F27="","",_xlfn.LET(_xlpm.x,VLOOKUP(F27,'Drop-down_menus'!$D$2:$E$13,2,FALSE),IF(_xlpm.x=0,"",_xlpm.x))) | K27: =IF(G27="","",_xlfn.LET(_xlpm.x,VLOOKUP(G27,'Drop-down_menus'!$D$2:$E$13,2,FALSE),IF(_xlpm.x=0,"",_xlpm.x))) | L27: =IF(H27="","",_xlfn.LET(_xlpm.x,VLOOKUP(H27,'Drop-down_menus'!$D$2:$E$13,2,FALSE),IF(_xlpm.x=0,"",_xlpm.x))) | M27: 0.68055556 | N27: 0.72916667 | Q27: 67 | R27: 33.1841 | S27: 67 | T27: 12.6956 | Y27: =-(Q27+R27/60) -> -67.553068 | Z27: =-(S27+T27/60) -> -67.211593 | AA27: =-(U27+V27/60) -> 0 | AB27: =-(W27+X27/60) -> 0 | AC27: Blaiklock Island | AJ27: Cyanobacteria sampling
A28: TANGO_1 Expedition | B28: DR_1 | C28: 44976 | E28: Bruno Danis | I28: =IF(E28="","",_xlfn.LET(_xlpm.x,VLOOKUP(E28,'Drop-down_menus'!$D$2:$E$13,2,FALSE),IF(_xlpm.x=0,"",_xlpm.x))) -> https://orcid.org/0000-0002-9037-7623 | J28: =IF(F28="","",_xlfn.LET(_xlpm.x,VLOOKUP(F28,'Drop-down_menus'!$D$2:$E$13,2,FALSE),IF(_xlpm.x=0,"",_xlpm.x))) | K28: =IF(G28="","",_xlfn.LET(_xlpm.x,VLOOKUP(G28,'Drop-down_menus'!$D$2:$E$13,2,FALSE),IF(_xlpm.x=0,"",_xlpm.x))) | L28: =IF(H28="","",_xlfn.LET(_xlpm.x,VLOOKUP(H28,'Drop-down_menus'!$D$2:$E$13,2,FALSE),IF(_xlpm.x=0,"",_xlpm.x))) | M28: 0.38680556 | N28: 0.39375 | Q28: 66 | R28: 0.016 | S28: 65 | T28: 46.643 | Y28: =-(Q28+R28/60) -> -66.000267 | Z28: =-(S28+T28/60) -> -65.777383 | AA28: =-(U28+V28/60) -> 0 | AB28: =-(W28+X28/60) -> 0 | AC28: Dodman Island | AF28: 500 | AJ28: Mavic 2 PRO drone aerial mapping | AK28: Scouting, 500m alt
A29: TANGO_1 Expedition | B29: DR_2 | C29: 44988 | E29: Bruno Danis | I29: =IF(E29="","",_xlfn.LET(_xlpm.x,VLOOKUP(E29,'Drop-down_menus'!$D$2:$E$13,2,FALSE),IF(_xlpm.x=0,"",_xlpm.x))) -> https://orcid.org/0000-0002-9037-7623 | J29: =IF(F29="","",_xlfn.LET(_xlpm.x,VLOOKUP(F29,'Drop-down_menus'!$D$2:$E$13,2,FALSE),IF(_xlpm.x=0,"",_xlpm.x))) | K29: =IF(G29="","",_xlfn.LET(_xlpm.x,VLOOKUP(G29,'Drop-down_menus'!$D$2:$E$13,2,FALSE),IF(_xlpm.x=0,"",_xlpm.x))) | L29: =IF(H29="","",_xlfn.LET(_xlpm.x,VLOOKUP(H29,'Drop-down_menus'!$D$2:$E$13,2,FALSE),IF(_xlpm.x=0,"",_xlpm.x))) | M29: 0.39444444 | N29: 0.44791667 | Q29: 67 | R29: 33.112 | S29: 67 | T29: 12.89 | Y29: =-(Q29+R29/60) -> -67.551867 | Z29: =-(S29+T29/60) -> -67.214833 | AA29: =-(U29+V29/60) -> 0 | AB29: =-(W29+X29/60) -> 0 | AC29: Blaiklock Island | AF29: 500 | AJ29: Mavic 2 PRO drone aerial mapping
A30: TANGO_1 Expedition | B30: DR_5 | C30: 44992 | E30: Bruno Danis | I30: =IF(E30="","",_xlfn.LET(_xlpm.x,VLOOKUP(E30,'Drop-down_menus'!$D$2:$E$13,2,FALSE),IF(_xlpm.x=0,"",_xlpm.x))) -> https://orcid.org/0000-0002-9037-7623 | J30: =IF(F30="","",_xlfn.LET(_xlpm.x,VLOOKUP(F30,'Drop-down_menus'!$D$2:$E$13,2,FALSE),IF(_xlpm.x=0,"",_xlpm.x))) | K30: =IF(G30="","",_xlfn.LET(_xlpm.x,VLOOKUP(G30,'Drop-down_menus'!$D$2:$E$13,2,FALSE),IF(_xlpm.x=0,"",_xlpm.x))) | L30: =IF(H30="","",_xlfn.LET(_xlpm.x,VLOOKUP(H30,'Drop-down_menus'!$D$2:$E$13,2,FALSE),IF(_xlpm.x=0,"",_xlpm.x))) | M30: 0.38194444 | N30: 0.38541667 | Q30: 67 | R30: 30.905 | S30: 67 | T30: 5.999 | Y30: =-(Q30+R30/60) -> -67.515083 | Z30: =-(S30+T30/60) -> -67.099983 | AA30: =-(U30+V30/60) -> 0 | AB30: =-(W30+X30/60) -> 0 | AC30: Blaiklock Island | AJ30: Mavic 2 PRO drone aerial mapping
A31: TANGO_1 Expedition | B31: DRM_1 | C31: 44977 | E31: Bruno Danis | I31: =IF(E31="","",_xlfn.LET(_xlpm.x,VLOOKUP(E31,'Drop-down_menus'!$D$2:$E$13,2,FALSE),IF(_xlpm.x=0,"",_xlpm.x))) -> https://orcid.org/0000-0002-9037-7623 | J31: =IF(F31="","",_xlfn.LET(_xlpm.x,VLOOKUP(F31,'Drop-down_menus'!$D$2:$E$13,2,FALSE),IF(_xlpm.x=0,"",_xlpm.x))) | K31: =IF(G31="","",_xlfn.LET(_xlpm.x,VLOOKUP(G31,'Drop-down_menus'!$D$2:$E$13,2,FALSE),IF(_xlpm.x=0,"",_xlpm.x))) | L31: =IF(H31="","",_xlfn.LET(_xlpm.x,VLOOKUP(H31,'Drop-down_menus'!$D$2:$E$13,2,FALSE),IF(_xlpm.x=0,"",_xlpm.x))) | M31: 0.68055556 | N31: 0.69444444 | Q31: 66 | R31: 0.016 | S31: 65 | T31: 46.643 | Y31: =-(Q31+R31/60) -> -66.000267 | Z31: =-(S31+T31/60) -> -65.777383 | AA31: =-(U31+V31/60) -> 0 | AB31: =-(W31+X31/60) -> 0 | AC31: Dodman Island | AF31: 75 | AH31: Aerial | AJ31: Mavic 2 PRO drone aerial mapping | AK31: DroneDeploy Photogrammetry
A32: TANGO_1 Expedition | B32: DRM_10 | C32: 44990 | E32: Bruno Danis | I32: =IF(E32="","",_xlfn.LET(_xlpm.x,VLOOKUP(E32,'Drop-down_menus'!$D$2:$E$13,2,FALSE),IF(_xlpm.x=0,"",_xlpm.x))) -> https://orcid.org/0000-0002-9037-7623 | J32: =IF(F32="","",_xlfn.LET(_xlpm.x,VLOOKUP(F32,'Drop-down_menus'!$D$2:$E$13,2,FALSE),IF(_xlpm.x=0,"",_xlpm.x))) | K32: =IF(G32="","",_xlfn.LET(_xlpm.x,VLOOKUP(G32,'Drop-down_menus'!$D$2:$E$13,2,FALSE),IF(_xlpm.x=0,"",_xlpm.x))) | L32: =IF(H32="","",_xlfn.LET(_xlpm.x,VLOOKUP(H32,'Drop-down_menus'!$D$2:$E$13,2,FALSE),IF(_xlpm.x=0,"",_xlpm.x))) | M32: 0.70833333 | N32: 0.72222222 | Q32: 67 | R32: 30.3081 | S32: 67 | T32: 3.104 | Y32: =-(Q32+R32/60) -> -67.505135 | Z32: =-(S32+T32/60) -> -67.051733 | AA32: =-(U32+V32/60) -> 0 | AB32: =-(W32+X32/60) -> 0 | AC32: Blaiklock Island | AF32: 60 | AH32: Aerial | AJ32: Mavic 2 PRO drone aerial mapping | AK32: DroneDeploy Photogrammetry
A33: TANGO_1 Expedition | B33: DRM_11 | C33: 44992 | E33: Bruno Danis | I33: =IF(E33="","",_xlfn.LET(_xlpm.x,VLOOKUP(E33,'Drop-down_menus'!$D$2:$E$13,2,FALSE),IF(_xlpm.x=0,"",_xlpm.x))) -> https://orcid.org/0000-0002-9037-7623 | J33: =IF(F33="","",_xlfn.LET(_xlpm.x,VLOOKUP(F33,'Drop-down_menus'!$D$2:$E$13,2,FALSE),IF(_xlpm.x=0,"",_xlpm.x))) | K33: =IF(G33="","",_xlfn.LET(_xlpm.x,VLOOKUP(G33,'Drop-down_menus'!$D$2:$E$13,2,FALSE),IF(_xlpm.x=0,"",_xlpm.x))) | L33: =IF(H33="","",_xlfn.LET(_xlpm.x,VLOOKUP(H33,'Drop-down_menus'!$D$2:$E$13,2,FALSE),IF(_xlpm.x=0,"",_xlpm.x))) | M33: 0.46527778 | N33: 0.48611111 | Q33: 67 | R33: 30.905 | S33: 67 | T33: 5.999 | Y33: =-(Q33+R33/60) -> -67.515083 | Z33: =-(S33+T33/60) -> -67.099983 | AA33: =-(U33+V33/60) -> 0 | AB33: =-(W33+X33/60) -> 0 | AC33: Blaiklock Island | AF33: 60 | AH33: Aerial | AJ33: Mavic 2 PRO drone aerial mapping | AK33: DroneDeploy Photogrammetry
A34: TANGO_1 Expedition | B34: DRM_2 | C34: 44977 | E34: Bruno Danis | I34: =IF(E34="","",_xlfn.LET(_xlpm.x,VLOOKUP(E34,'Drop-down_menus'!$D$2:$E$13,2,FALSE),IF(_xlpm.x=0,"",_xlpm.x))) -> https://orcid.org/0000-0002-9037-7623 | J34: =IF(F34="","",_xlfn.LET(_xlpm.x,VLOOKUP(F34,'Drop-down_menus'!$D$2:$E$13,2,FALSE),IF(_xlpm.x=0,"",_xlpm.x))) | K34: =IF(G34="","",_xlfn.LET(_xlpm.x,VLOOKUP(G34,'Drop-down_menus'!$D$2:$E$13,2,FALSE),IF(_xlpm.x=0,"",_xlpm.x))) | L34: =IF(H34="","",_xlfn.LET(_xlpm.x,VLOOKUP(H34,'Drop-down_menus'!$D$2:$E$13,2,FALSE),IF(_xlpm.x=0,"",_xlpm.x))) | M34: 0.70833333 | N34: 0.73263889 | Q34: 66 | R34: 0.016 | S34: 65 | T34: 46.643 | Y34: =-(Q34+R34/60) -> -66.000267 | Z34: =-(S34+T34/60) -> -65.777383 | AA34: =-(U34+V34/60) -> 0 | AB34: =-(W34+X34/60) -> 0 | AC34: Dodman Island | AF34: 75 | AH34: Aerial | AJ34: Mavic 2 PRO drone aerial mapping | AK34: DroneDeploy Photogrammetry
A35: TANGO_1 Expedition | B35: DRM_3 | C35: 44980 | E35: Bruno Danis | I35: =IF(E35="","",_xlfn.LET(_xlpm.x,VLOOKUP(E35,'Drop-down_menus'!$D$2:$E$13,2,FALSE),IF(_xlpm.x=0,"",_xlpm.x))) -> https://orcid.org/0000-0002-9037-7623 | J35: =IF(F35="","",_xlfn.LET(_xlpm.x,VLOOKUP(F35,'Drop-down_menus'!$D$2:$E$13,2,FALSE),IF(_xlpm.x=0,"",_xlpm.x))) | K35: =IF(G35="","",_xlfn.LET(_xlpm.x,VLOOKUP(G35,'Drop-down_menus'!$D$2:$E$13,2,FALSE),IF(_xlpm.x=0,"",_xlpm.x))) | L35: =IF(H35="","",_xlfn.LET(_xlpm.x,VLOOKUP(H35,'Drop-down_menus'!$D$2:$E$13,2,FALSE),IF(_xlpm.x=0,"",_xlpm.x))) | M35: 0.69166667 | N35: 0.72847222 | Q35: 66 | R35: 0.027 | S35: 65 | T35: 46.75 | Y35: =-(Q35+R35/60) -> -66.00045 | Z35: =-(S35+T35/60) -> -65.779167 | AA35: =-(U35+V35/60) -> 0 | AB35: =-(W35+X35/60) -> 0 | AC35: Dodman Island | AF35: 75 | AH35: Aerial | AJ35: Mavic 2 PRO drone aerial mapping | AK35: DroneDeploy Photogrammetry
A36: TANGO_1 Expedition | B36: DRM_4 | C36: 44980 | E36: Bruno Danis | I36: =IF(E36="","",_xlfn.LET(_xlpm.x,VLOOKUP(E36,'Drop-down_menus'!$D$2:$E$13,2,FALSE),IF(_xlpm.x=0,"",_xlpm.x))) -> https://orcid.org/0000-0002-9037-7623 | J36: =IF(F36="","",_xlfn.LET(_xlpm.x,VLOOKUP(F36,'Drop-down_menus'!$D$2:$E$13,2,FALSE),IF(_xlpm.x=0,"",_xlpm.x))) | K36: =IF(G36="","",_xlfn.LET(_xlpm.x,VLOOKUP(G36,'Drop-down_menus'!$D$2:$E$13,2,FALSE),IF(_xlpm.x=0,"",_xlpm.x))) | L36: =IF(H36="","",_xlfn.LET(_xlpm.x,VLOOKUP(H36,'Drop-down_menus'!$D$2:$E$13,2,FALSE),IF(_xlpm.x=0,"",_xlpm.x))) | M36: 0.73888889 | N36: 0.75277778 | Q36: 66 | R36: 0.027 | S36: 65 | T36: 46.75 | Y36: =-(Q36+R36/60) -> -66.00045 | Z36: =-(S36+T36/60) -> -65.779167 | AA36: =-(U36+V36/60) -> 0 | AB36: =-(W36+X36/60) -> 0 | AC36: Dodman Island | AF36: 75 | AH36: Aerial | AJ36: Mavic 2 PRO drone aerial mapping | AK36: DroneDeploy Photogrammetry
A37: TANGO_1 Expedition | B37: DRM_5 | C37: 44988 | E37: Bruno Danis | I37: =IF(E37="","",_xlfn.LET(_xlpm.x,VLOOKUP(E37,'Drop-down_menus'!$D$2:$E$13,2,FALSE),IF(_xlpm.x=0,"",_xlpm.x))) -> https://orcid.org/0000-0002-9037-7623 | J37: =IF(F37="","",_xlfn.LET(_xlpm.x,VLOOKUP(F37,'Drop-down_menus'!$D$2:$E$13,2,FALSE),IF(_xlpm.x=0,"",_xlpm.x))) | K37: =IF(G37="","",_xlfn.LET(_xlpm.x,VLOOKUP(G37,'Drop-down_menus'!$D$2:$E$13,2,FALSE),IF(_xlpm.x=0,"",_xlpm.x))) | L37: =IF(H37="","",_xlfn.LET(_xlpm.x,VLOOKUP(H37,'Drop-down_menus'!$D$2:$E$13,2,FALSE),IF(_xlpm.x=0,"",_xlpm.x))) | M37: 0.46944444 | N37: 0.50138889 | Q37: 67 | R37: 33.112 | S37: 67 | T37: 12.89 | Y37: =-(Q37+R37/60) -> -67.551867 | Z37: =-(S37+T37/60) -> -67.214833 | AA37: =-(U37+V37/60) -> 0 | AB37: =-(W37+X37/60) -> 0 | AC37: Blaiklock Island | AF37: 60 | AH37: Aerial | AJ37: Mavic 2 PRO drone aerial mapping | AK37: DroneDeploy Photogrammetry
A38: TANGO_1 Expedition | B38: DRM_6 | C38: 44988 | E38: Bruno Danis | I38: =IF(E38="","",_xlfn.LET(_xlpm.x,VLOOKUP(E38,'Drop-down_menus'!$D$2:$E$13,2,FALSE),IF(_xlpm.x=0,"",_xlpm.x))) -> https://orcid.org/0000-0002-9037-7623 | J38: =IF(F38="","",_xlfn.LET(_xlpm.x,VLOOKUP(F38,'Drop-down_menus'!$D$2:$E$13,2,FALSE),IF(_xlpm.x=0,"",_xlpm.x))) | K38: =IF(G38="","",_xlfn.LET(_xlpm.x,VLOOKUP(G38,'Drop-down_menus'!$D$2:$E$13,2,FALSE),IF(_xlpm.x=0,"",_xlpm.x))) | L38: =IF(H38="","",_xlfn.LET(_xlpm.x,VLOOKUP(H38,'Drop-down_menus'!$D$2:$E$13,2,FALSE),IF(_xlpm.x=0,"",_xlpm.x))) | M38: 0.34722222 | N38: 0.39583333 | Q38: 67 | R38: 33.112 | S38: 67 | T38: 12.89 | Y38: =-(Q38+R38/60) -> -67.551867 | Z38: =-(S38+T38/60) -> -67.214833 | AA38: =-(U38+V38/60) -> 0 | AB38: =-(W38+X38/60) -> 0 | AC38: Blaiklock Island | AF38: 60 | AH38: Aerial | AJ38: Mavic 2 PRO drone aerial mapping | AK38: DroneDeploy Photogrammetry
A39: TANGO_1 Expedition | B39: DRM_7 | C39: 44989 | E39: Bruno Danis | I39: =IF(E39="","",_xlfn.LET(_xlpm.x,VLOOKUP(E39,'Drop-down_menus'!$D$2:$E$13,2,FALSE),IF(_xlpm.x=0,"",_xlpm.x))) -> https://orcid.org/0000-0002-9037-7623 | J39: =IF(F39="","",_xlfn.LET(_xlpm.x,VLOOKUP(F39,'Drop-down_menus'!$D$2:$E$13,2,FALSE),IF(_xlpm.x=0,"",_xlpm.x))) | K39: =IF(G39="","",_xlfn.LET(_xlpm.x,VLOOKUP(G39,'Drop-down_menus'!$D$2:$E$13,2,FALSE),IF(_xlpm.x=0,"",_xlpm.x))) | L39: =IF(H39="","",_xlfn.LET(_xlpm.x,VLOOKUP(H39,'Drop-down_menus'!$D$2:$E$13,2,FALSE),IF(_xlpm.x=0,"",_xlpm.x))) | M39: 0.72222222 | N39: 0.76041667 | Q39: 67 | R39: 33.112 | S39: 67 | T39: 12.89 | Y39: =-(Q39+R39/60) -> -67.551867 | Z39: =-(S39+T39/60) -> -67.214833 | AA39: =-(U39+V39/60) -> 0 | AB39: =-(W39+X39/60) -> 0 | AC39: Blaiklock Island | AF39: 60 | AH39: Aerial | AJ39: Mavic 2 PRO drone aerial mapping | AK39: DroneDeploy Photogrammetry
A40: TANGO_1 Expedition | B40: DRM_8 | C40: 44989 | E40: Bruno Danis | I40: =IF(E40="","",_xlfn.LET(_xlpm.x,VLOOKUP(E40,'Drop-down_menus'!$D$2:$E$13,2,FALSE),IF(_xlpm.x=0,"",_xlpm.x))) -> https://orcid.org/0000-0002-9037-7623 | J40: =IF(F40="","",_xlfn.LET(_xlpm.x,VLOOKUP(F40,'Drop-down_menus'!$D$2:$E$13,2,FALSE),IF(_xlpm.x=0,"",_xlpm.x))) | K40: =IF(G40="","",_xlfn.LET(_xlpm.x,VLOOKUP(G40,'Drop-down_menus'!$D$2:$E$13,2,FALSE),IF(_xlpm.x=0,"",_xlpm.x))) | L40: =IF(H40="","",_xlfn.LET(_xlpm.x,VLOOKUP(H40,'Drop-down_menus'!$D$2:$E$13,2,FALSE),IF(_xlpm.x=0,"",_xlpm.x))) | M40: 0.45833333 | N40: 0.47222222 | Q40: 67 | R40: 32.994 | S40: 67 | T40: 14.838 | Y40: =-(Q40+R40/60) -> -67.5499 | Z40: =-(S40+T40/60) -> -67.2473 | AA40: =-(U40+V40/60) -> 0 | AB40: =-(W40+X40/60) -> 0 | AC40: Blaiklock Island | AF40: 60 | AH40: Aerial | AJ40: Mavic 2 PRO drone aerial mapping | AK40: DroneDeploy Photogrammetry
A41: TANGO_1 Expedition | B41: DRM_9 | C41: 44990 | E41: Bruno Danis | I41: =IF(E41="","",_xlfn.LET(_xlpm.x,VLOOKUP(E41,'Drop-down_menus'!$D$2:$E$13,2,FALSE),IF(_xlpm.x=0,"",_xlpm.x))) -> https://orcid.org/0000-0002-9037-7623 | J41: =IF(F41="","",_xlfn.LET(_xlpm.x,VLOOKUP(F41,'Drop-down_menus'!$D$2:$E$13,2,FALSE),IF(_xlpm.x=0,"",_xlpm.x))) | K41: =IF(G41="","",_xlfn.LET(_xlpm.x,VLOOKUP(G41,'Drop-down_menus'!$D$2:$E$13,2,FALSE),IF(_xlpm.x=0,"",_xlpm.x))) | L41: =IF(H41="","",_xlfn.LET(_xlpm.x,VLOOKUP(H41,'Drop-down_menus'!$D$2:$E$13,2,FALSE),IF(_xlpm.x=0,"",_xlpm.x))) | M41: 0.5625 | N41: 0.57638889 | Q41: 67 | R41: 30.3081 | S41: 67 | T41: 3.104 | Y41: =-(Q41+R41/60) -> -67.505135 | Z41: =-(S41+T41/60) -> -67.051733 | AA41: =-(U41+V41/60) -> 0 | AB41: =-(W41+X41/60) -> 0 | AC41: Blaiklock Island | AF41: 60 | AH41: Aerial | AJ41: Mavic 2 PRO drone aerial mapping | AK41: DroneDeploy Photogrammetry
A42: TANGO_1 Expedition | B42: ICE_2 | C42: 44990 | E42: Axelle Brusselman | F42: Bruno Delille | G42: Henri Robert | H42: Martin Dogniez | I42: =IF(E42="","",_xlfn.LET(_xlpm.x,VLOOKUP(E42,'Drop-down_menus'!$D$2:$E$13,2,FALSE),IF(_xlpm.x=0,"",_xlpm.x))) -> https://orcid.org/0009-0002-6669-2911 | J42: =IF(F42="","",_xlfn.LET(_xlpm.x,VLOOKUP(F42,'Drop-down_menus'!$D$2:$E$13,2,FALSE),IF(_xlpm.x=0,"",_xlpm.x))) -> https://orcid.org/0000-0003-0502-8101 | K42: =IF(G42="","",_xlfn.LET(_xlpm.x,VLOOKUP(G42,'Drop-down_menus'!$D$2:$E$13,2,FALSE),IF(_xlpm.x=0,"",_xlpm.x))) | L42: =IF(H42="","",_xlfn.LET(_xlpm.x,VLOOKUP(H42,'Drop-down_menus'!$D$2:$E$13,2,FALSE),IF(_xlpm.x=0,"",_xlpm.x))) -> https://orcid.org/0000-0002-9708-1761 | M42: 0.42013889 | N42: 0.52083333 | Q42: 67 | R42: 30.31 | S42: 67 | T42: 3.109 | Y42: =-(Q42+R42/60) -> -67.505167 | Z42: =-(S42+T42/60) -> -67.051817 | AA42: =-(U42+V42/60) -> 0 | AB42: =-(W42+X42/60) -> 0 | AC42: Blaiklock Island | AJ42: Sea ice works
A43: TANGO_1 Expedition | B43: ITD_1 | C43: 44977 | E43: Camille Moreau | I43: =IF(E43="","",_xlfn.LET(_xlpm.x,VLOOKUP(E43,'Drop-down_menus'!$D$2:$E$13,2,FALSE),IF(_xlpm.x=0,"",_xlpm.x))) -> https://orcid.org/0000-0002-0981-7442 | J43: =IF(F43="","",_xlfn.LET(_xlpm.x,VLOOKUP(F43,'Drop-down_menus'!$D$2:$E$13,2,FALSE),IF(_xlpm.x=0,"",_xlpm.x))) | K43: =IF(G43="","",_xlfn.LET(_xlpm.x,VLOOKUP(G43,'Drop-down_menus'!$D$2:$E$13,2,FALSE),IF(_xlpm.x=0,"",_xlpm.x))) | L43: =IF(H43="","",_xlfn.LET(_xlpm.x,VLOOKUP(H43,'Drop-down_menus'!$D$2:$E$13,2,FALSE),IF(_xlpm.x=0,"",_xlpm.x))) | Y43: =-(Q43+R43/60) -> 0 | Z43: =-(S43+T43/60) -> 0 | AA43: =-(U43+V43/60) -> 0 | AB43: =-(W43+X43/60) -> 0 | AC43: Dodman Island | AD43: 0 | AE43: 0 | AJ43: Intertidal | AK43: Sample for Guillaume Schwob
A44: TANGO_1 Expedition | B44: ITD_2 | C44: 44979 | E44: Camille Moreau | I44: =IF(E44="","",_xlfn.LET(_xlpm.x,VLOOKUP(E44,'Drop-down_menus'!$D$2:$E$13,2,FALSE),IF(_xlpm.x=0,"",_xlpm.x))) -> https://orcid.org/0000-0002-0981-7442 | J44: =IF(F44="","",_xlfn.LET(_xlpm.x,VLOOKUP(F44,'Drop-down_menus'!$D$2:$E$13,2,FALSE),IF(_xlpm.x=0,"",_xlpm.x))) | K44: =IF(G44="","",_xlfn.LET(_xlpm.x,VLOOKUP(G44,'Drop-down_menus'!$D$2:$E$13,2,FALSE),IF(_xlpm.x=0,"",_xlpm.x))) | L44: =IF(H44="","",_xlfn.LET(_xlpm.x,VLOOKUP(H44,'Drop-down_menus'!$D$2:$E$13,2,FALSE),IF(_xlpm.x=0,"",_xlpm.x))) | M44: 0.66666667 | N44: 0.70833333 | Q44: 65 | R44: 59.948 | S44: 65 | T44: 47.111 | Y44: =-(Q44+R44/60) -> -65.999133 | Z44: =-(S44+T44/60) -> -65.785183 | AA44: =-(U44+V44/60) -> 0 | AB44: =-(W44+X44/60) -> 0 | AC44: Dodman Island | AD44: 0 | AJ44: Intertidal
A45: TANGO_1 Expedition | B45: ITD_3 | C45: 44989 | E45: Camille Moreau | I45: =IF(E45="","",_xlfn.LET(_xlpm.x,VLOOKUP(E45,'Drop-down_menus'!$D$2:$E$13,2,FALSE),IF(_xlpm.x=0,"",_xlpm.x))) -> https://orcid.org/0000-0002-0981-7442 | J45: =IF(F45="","",_xlfn.LET(_xlpm.x,VLOOKUP(F45,'Drop-down_menus'!$D$2:$E$13,2,FALSE),IF(_xlpm.x=0,"",_xlpm.x))) | K45: =IF(G45="","",_xlfn.LET(_xlpm.x,VLOOKUP(G45,'Drop-down_menus'!$D$2:$E$13,2,FALSE),IF(_xlpm.x=0,"",_xlpm.x))) | L45: =IF(H45="","",_xlfn.LET(_xlpm.x,VLOOKUP(H45,'Drop-down_menus'!$D$2:$E$13,2,FALSE),IF(_xlpm.x=0,"",_xlpm.x))) | Y45: =-(Q45+R45/60) -> 0 | Z45: =-(S45+T45/60) -> 0 | AA45: =-(U45+V45/60) -> 0 | AB45: =-(W45+X45/60) -> 0 | AC45: Blaiklock Island | AD45: 0 | AJ45: Intertidal
A46: TANGO_1 Expedition | B46: NIS_1 | C46: 44977 | E46: Bruno Delille | F46: Axelle Brusselman | I46: =IF(E46="","",_xlfn.LET(_xlpm.x,VLOOKUP(E46,'Drop-down_menus'!$D$2:$E$13,2,FALSE),IF(_xlpm.x=0,"",_xlpm.x))) -> https://orcid.org/0000-0003-0502-8101 | J46: =IF(F46="","",_xlfn.LET(_xlpm.x,VLOOKUP(F46,'Drop-down_menus'!$D$2:$E$13,2,FALSE),IF(_xlpm.x=0,"",_xlpm.x))) -> https://orcid.org/0009-0002-6669-2911 | K46: =IF(G46="","",_xlfn.LET(_xlpm.x,VLOOKUP(G46,'Drop-down_menus'!$D$2:$E$13,2,FALSE),IF(_xlpm.x=0,"",_xlpm.x))) | L46: =IF(H46="","",_xlfn.LET(_xlpm.x,VLOOKUP(H46,'Drop-down_menus'!$D$2:$E$13,2,FALSE),IF(_xlpm.x=0,"",_xlpm.x))) | M46: 0.48819444 | N46: 0.51041667 | Q46: 66 | R46: 0.016 | S46: 65 | T46: 46.643 | Y46: =-(Q46+R46/60) -> -66.000267 | Z46: =-(S46+T46/60) -> -65.777383 | AA46: =-(U46+V46/60) -> 0 | AB46: =-(W46+X46/60) -> 0 | AC46: Dodman Island | AE46: 12 | AJ46: Niskin
A47: TANGO_1 Expedition | B47: NIS_10 | C47: 44978 | E47: Bruno Delille | F47: Axelle Brusselman | I47: =IF(E47="","",_xlfn.LET(_xlpm.x,VLOOKUP(E47,'Drop-down_menus'!$D$2:$E$13,2,FALSE),IF(_xlpm.x=0,"",_xlpm.x))) -> https://orcid.org/0000-0003-0502-8101 | J47: =IF(F47="","",_xlfn.LET(_xlpm.x,VLOOKUP(F47,'Drop-down_menus'!$D$2:$E$13,2,FALSE),IF(_xlpm.x=0,"",_xlpm.x))) -> https://orcid.org/0009-0002-6669-2911 | K47: =IF(G47="","",_xlfn.LET(_xlpm.x,VLOOKUP(G47,'Drop-down_menus'!$D$2:$E$13,2,FALSE),IF(_xlpm.x=0,"",_xlpm.x))) | L47: =IF(H47="","",_xlfn.LET(_xlpm.x,VLOOKUP(H47,'Drop-down_menus'!$D$2:$E$13,2,FALSE),IF(_xlpm.x=0,"",_xlpm.x))) | M47: 0.71041667 | N47: 0.71388889 | Q47: 65 | R47: 99.65 | S47: 65 | T47: 78.95 | Y47: =-(Q47+R47/60) -> -66.660833 | Z47: =-(S47+T47/60) -> -66.315833 | AA47: =-(U47+V47/60) -> 0 | AB47: =-(W47+X47/60) -> 0 | AC47: Dodman Island | AD47: 0 | AE47: 0 | AJ47: Niskin
A48: TANGO_1 Expedition | B48: NIS_11 | C48: 44978 | E48: Bruno Delille | F48: Axelle Brusselman | I48: =IF(E48="","",_xlfn.LET(_xlpm.x,VLOOKUP(E48,'Drop-down_menus'!$D$2:$E$13,2,FALSE),IF(_xlpm.x=0,"",_xlpm.x))) -> https://orcid.org/0000-0003-0502-8101 | J48: =IF(F48="","",_xlfn.LET(_xlpm.x,VLOOKUP(F48,'Drop-down_menus'!$D$2:$E$13,2,FALSE),IF(_xlpm.x=0,"",_xlpm.x))) -> https://orcid.org/0009-0002-6669-2911 | K48: =IF(G48="","",_xlfn.LET(_xlpm.x,VLOOKUP(G48,'Drop-down_menus'!$D$2:$E$13,2,FALSE),IF(_xlpm.x=0,"",_xlpm.x))) | L48: =IF(H48="","",_xlfn.LET(_xlpm.x,VLOOKUP(H48,'Drop-down_menus'!$D$2:$E$13,2,FALSE),IF(_xlpm.x=0,"",_xlpm.x))) | M48: 0.71666667 | N48: 0.72013889 | Q48: 65 | R48: 99.68 | S48: 65 | T48: 78.53 | Y48: =-(Q48+R48/60) -> -66.661333 | Z48: =-(S48+T48/60) -> -66.308833 | AA48: =-(U48+V48/60) -> 0 | AB48: =-(W48+X48/60) -> 0 | AC48: Dodman Island | AD48: 0 | AE48: 0 | AJ48: Niskin
A49: TANGO_1 Expedition | B49: NIS_12 | C49: 44978 | E49: Bruno Delille | F49: Axelle Brusselman | I49: =IF(E49="","",_xlfn.LET(_xlpm.x,VLOOKUP(E49,'Drop-down_menus'!$D$2:$E$13,2,FALSE),IF(_xlpm.x=0,"",_xlpm.x))) -> https://orcid.org/0000-0003-0502-8101 | J49: =IF(F49="","",_xlfn.LET(_xlpm.x,VLOOKUP(F49,'Drop-down_menus'!$D$2:$E$13,2,FALSE),IF(_xlpm.x=0,"",_xlpm.x))) -> https://orcid.org/0009-0002-6669-2911 | K49: =IF(G49="","",_xlfn.LET(_xlpm.x,VLOOKUP(G49,'Drop-down_menus'!$D$2:$E$13,2,FALSE),IF(_xlpm.x=0,"",_xlpm.x))) | L49: =IF(H49="","",_xlfn.LET(_xlpm.x,VLOOKUP(H49,'Drop-down_menus'!$D$2:$E$13,2,FALSE),IF(_xlpm.x=0,"",_xlpm.x))) | M49: 0.60486111 | N49: 0.60833333 | Q49: 66 | R49: 1.31 | S49: 65 | T49: 78.95 | Y49: =-(Q49+R49/60) -> -66.021833 | Z49: =-(S49+T49/60) -> -66.315833 | AA49: =-(U49+V49/60) -> 0 | AB49: =-(W49+X49/60) -> 0 | AC49: Dodman Island | AD49: 0 | AE49: 0 | AJ49: Niskin
A50: TANGO_1 Expedition | B50: NIS_13 | C50: 44978 | E50: Bruno Delille | F50: Axelle Brusselman | I50: =IF(E50="","",_xlfn.LET(_xlpm.x,VLOOKUP(E50,'Drop-down_menus'!$D$2:$E$13,2,FALSE),IF(_xlpm.x=0,"",_xlpm.x))) -> https://orcid.org/0000-0003-0502-8101 | J50: =IF(F50="","",_xlfn.LET(_xlpm.x,VLOOKUP(F50,'Drop-down_menus'!$D$2:$E$13,2,FALSE),IF(_xlpm.x=0,"",_xlpm.x))) -> https://orcid.org/0009-0002-6669-2911 | K50: =IF(G50="","",_xlfn.LET(_xlpm.x,VLOOKUP(G50,'Drop-down_menus'!$D$2:$E$13,2,FALSE),IF(_xlpm.x=0,"",_xlpm.x))) | L50: =IF(H50="","",_xlfn.LET(_xlpm.x,VLOOKUP(H50,'Drop-down_menus'!$D$2:$E$13,2,FALSE),IF(_xlpm.x=0,"",_xlpm.x))) | M50: 0.61458333 | N50: 0.61805556 | Q50: 66 | R50: 1.17 | S50: 65 | T50: 77.81 | Y50: =-(Q50+R50/60) -> -66.0195 | Z50: =-(S50+T50/60) -> -66.296833 | AA50: =-(U50+V50/60) -> 0 | AB50: =-(W50+X50/60) -> 0 | AC50: Dodman Island | AD50: 0 | AE50: 0 | AJ50: Niskin
A51: TANGO_1 Expedition | B51: NIS_14 | C51: 44978 | E51: Bruno Delille | F51: Axelle Brusselman | I51: =IF(E51="","",_xlfn.LET(_xlpm.x,VLOOKUP(E51,'Drop-down_menus'!$D$2:$E$13,2,FALSE),IF(_xlpm.x=0,"",_xlpm.x))) -> https://orcid.org/0000-0003-0502-8101 | J51: =IF(F51="","",_xlfn.LET(_xlpm.x,VLOOKUP(F51,'Drop-down_menus'!$D$2:$E$13,2,FALSE),IF(_xlpm.x=0,"",_xlpm.x))) -> https://orcid.org/0009-0002-6669-2911 | K51: =IF(G51="","",_xlfn.LET(_xlpm.x,VLOOKUP(G51,'Drop-down_menus'!$D$2:$E$13,2,FALSE),IF(_xlpm.x=0,"",_xlpm.x))) | L51: =IF(H51="","",_xlfn.LET(_xlpm.x,VLOOKUP(H51,'Drop-down_menus'!$D$2:$E$13,2,FALSE),IF(_xlpm.x=0,"",_xlpm.x))) | M51: 0.62013889 | N51: 0.62361111 | Q51: 66 | R51: 1.04 | S51: 65 | T51: 76.72 | Y51: =-(Q51+R51/60) -> -66.017333 | Z51: =-(S51+T51/60) -> -66.278667 | AA51: =-(U51+V51/60) -> 0 | AB51: =-(W51+X51/60) -> 0 | AC51: Dodman Island | AD51: 0 | AE51: 0 | AJ51: Niskin
A52: TANGO_1 Expedition | B52: NIS_15 | C52: 44978 | E52: Bruno Delille | F52: Axelle Brusselman | I52: =IF(E52="","",_xlfn.LET(_xlpm.x,VLOOKUP(E52,'Drop-down_menus'!$D$2:$E$13,2,FALSE),IF(_xlpm.x=0,"",_xlpm.x))) -> https://orcid.org/0000-0003-0502-8101 | J52: =IF(F52="","",_xlfn.LET(_xlpm.x,VLOOKUP(F52,'Drop-down_menus'!$D$2:$E$13,2,FALSE),IF(_xlpm.x=0,"",_xlpm.x))) -> https://orcid.org/0009-0002-6669-2911 | K52: =IF(G52="","",_xlfn.LET(_xlpm.x,VLOOKUP(G52,'Drop-down_menus'!$D$2:$E$13,2,FALSE),IF(_xlpm.x=0,"",_xlpm.x))) | L52: =IF(H52="","",_xlfn.LET(_xlpm.x,VLOOKUP(H52,'Drop-down_menus'!$D$2:$E$13,2,FALSE),IF(_xlpm.x=0,"",_xlpm.x))) | M52: 0.62638889 | N52: 0.62986111 | Q52: 66 | R52: 0.099 | S52: 65 | T52: 76.04 | Y52: =-(Q52+R52/60) -> -66.00165 | Z52: =-(S52+T52/60) -> -66.267333 | AA52: =-(U52+V52/60) -> 0 | AB52: =-(W52+X52/60) -> 0 | AC52: Dodman Island | AD52: 0 | AE52: 0 | AJ52: Niskin
A53: TANGO_1 Expedition | B53: NIS_16 | C53: 44978 | E53: Bruno Delille | F53: Axelle Brusselman | I53: =IF(E53="","",_xlfn.LET(_xlpm.x,VLOOKUP(E53,'Drop-down_menus'!$D$2:$E$13,2,FALSE),IF(_xlpm.x=0,"",_xlpm.x))) -> https://orcid.org/0000-0003-0502-8101 | J53: =IF(F53="","",_xlfn.LET(_xlpm.x,VLOOKUP(F53,'Drop-down_menus'!$D$2:$E$13,2,FALSE),IF(_xlpm.x=0,"",_xlpm.x))) -> https://orcid.org/0009-0002-6669-2911 | K53: =IF(G53="","",_xlfn.LET(_xlpm.x,VLOOKUP(G53,'Drop-down_menus'!$D$2:$E$13,2,FALSE),IF(_xlpm.x=0,"",_xlpm.x))) | L53: =IF(H53="","",_xlfn.LET(_xlpm.x,VLOOKUP(H53,'Drop-down_menus'!$D$2:$E$13,2,FALSE),IF(_xlpm.x=0,"",_xlpm.x))) | M53: 0.63125 | N53: 0.63472222 | Q53: 66 | R53: 0.089 | S53: 65 | T53: 75.49 | Y53: =-(Q53+R53/60) -> -66.001483 | Z53: =-(S53+T53/60) -> -66.258167 | AA53: =-(U53+V53/60) -> 0 | AB53: =-(W53+X53/60) -> 0 | AC53: Dodman Island | AD53: 0 | AE53: 0 | AJ53: Niskin
A54: TANGO_1 Expedition | B54: NIS_17 | C54: 44978 | E54: Bruno Delille | F54: Axelle Brusselman | I54: =IF(E54="","",_xlfn.LET(_xlpm.x,VLOOKUP(E54,'Drop-down_menus'!$D$2:$E$13,2,FALSE),IF(_xlpm.x=0,"",_xlpm.x))) -> https://orcid.org/0000-0003-0502-8101 | J54: =IF(F54="","",_xlfn.LET(_xlpm.x,VLOOKUP(F54,'Drop-down_menus'!$D$2:$E$13,2,FALSE),IF(_xlpm.x=0,"",_xlpm.x))) -> https://orcid.org/0009-0002-6669-2911 | K54: =IF(G54="","",_xlfn.LET(_xlpm.x,VLOOKUP(G54,'Drop-down_menus'!$D$2:$E$13,2,FALSE),IF(_xlpm.x=0,"",_xlpm.x))) | L54: =IF(H54="","",_xlfn.LET(_xlpm.x,VLOOKUP(H54,'Drop-down_menus'!$D$2:$E$13,2,FALSE),IF(_xlpm.x=0,"",_xlpm.x))) | M54: 0.63611111 | N54: 0.63958333 | Q54: 66 | R54: 0.85 | S54: 65 | T54: 75.16 | Y54: =-(Q54+R54/60) -> -66.014167 | Z54: =-(S54+T54/60) -> -66.252667 | AA54: =-(U54+V54/60) -> 0 | AB54: =-(W54+X54/60) -> 0 | AC54: Dodman Island | AD54: 0 | AE54: 0 | AJ54: Niskin
A55: TANGO_1 Expedition | B55: NIS_18 | C55: 44978 | E55: Bruno Delille | F55: Axelle Brusselman | I55: =IF(E55="","",_xlfn.LET(_xlpm.x,VLOOKUP(E55,'Drop-down_menus'!$D$2:$E$13,2,FALSE),IF(_xlpm.x=0,"",_xlpm.x))) -> https://orcid.org/0000-0003-0502-8101 | J55: =IF(F55="","",_xlfn.LET(_xlpm.x,VLOOKUP(F55,'Drop-down_menus'!$D$2:$E$13,2,FALSE),IF(_xlpm.x=0,"",_xlpm.x))) -> https://orcid.org/0009-0002-6669-2911 | K55: =IF(G55="","",_xlfn.LET(_xlpm.x,VLOOKUP(G55,'Drop-down_menus'!$D$2:$E$13,2,FALSE),IF(_xlpm.x=0,"",_xlpm.x))) | L55: =IF(H55="","",_xlfn.LET(_xlpm.x,VLOOKUP(H55,'Drop-down_menus'!$D$2:$E$13,2,FALSE),IF(_xlpm.x=0,"",_xlpm.x))) | M55: 0.65416667 | N55: 0.65763889 | Q55: 66 | R55: 0.06 | S55: 65 | T55: 74.82 | Y55: =-(Q55+R55/60) -> -66.001 | Z55: =-(S55+T55/60) -> -66.247 | AA55: =-(U55+V55/60) -> 0 | AB55: =-(W55+X55/60) -> 0 | AC55: Dodman Island | AD55: 0 | AE55: 0 | AJ55: Niskin
A56: TANGO_1 Expedition | B56: NIS_19 | C56: 44978 | E56: Camille Moreau | F56: Bruno Danis | I56: =IF(E56="","",_xlfn.LET(_xlpm.x,VLOOKUP(E56,'Drop-down_menus'!$D$2:$E$13,2,FALSE),IF(_xlpm.x=0,"",_xlpm.x))) -> https://orcid.org/0000-0002-0981-7442 | J56: =IF(F56="","",_xlfn.LET(_xlpm.x,VLOOKUP(F56,'Drop-down_menus'!$D$2:$E$13,2,FALSE),IF(_xlpm.x=0,"",_xlpm.x))) -> https://orcid.org/0000-0002-9037-7623 | K56: =IF(G56="","",_xlfn.LET(_xlpm.x,VLOOKUP(G56,'Drop-down_menus'!$D$2:$E$13,2,FALSE),IF(_xlpm.x=0,"",_xlpm.x))) | L56: =IF(H56="","",_xlfn.LET(_xlpm.x,VLOOKUP(H56,'Drop-down_menus'!$D$2:$E$13,2,FALSE),IF(_xlpm.x=0,"",_xlpm.x))) | M56: 0.58333333 | N56: 0.59027778 | Q56: 66 | R56: 0.0295 | S56: 65 | T56: 46.747 | Y56: =-(Q56+R56/60) -> -66.000492 | Z56: =-(S56+T56/60) -> -65.779117 | AA56: =-(W56+X56/60) -> 0 | AB56: =-(W56+X56/60) -> 0 | AC56: Dodman Island | AD56: 15 | AE56: 15 | AJ56: Niskin
A57: TANGO_1 Expedition | B57: NIS_2 | C57: 44977 | E57: Bruno Delille | F57: Axelle Brusselman | I57: =IF(E57="","",_xlfn.LET(_xlpm.x,VLOOKUP(E57,'Drop-down_menus'!$D$2:$E$13,2,FALSE),IF(_xlpm.x=0,"",_xlpm.x))) -> https://orcid.org/0000-0003-0502-8101 | J57: =IF(F57="","",_xlfn.LET(_xlpm.x,VLOOKUP(F57,'Drop-down_menus'!$D$2:$E$13,2,FALSE),IF(_xlpm.x=0,"",_xlpm.x))) -> https://orcid.org/0009-0002-6669-2911 | K57: =IF(G57="","",_xlfn.LET(_xlpm.x,VLOOKUP(G57,'Drop-down_menus'!$D$2:$E$13,2,FALSE),IF(_xlpm.x=0,"",_xlpm.x))) | L57: =IF(H57="","",_xlfn.LET(_xlpm.x,VLOOKUP(H57,'Drop-down_menus'!$D$2:$E$13,2,FALSE),IF(_xlpm.x=0,"",_xlpm.x))) | M57: 0.52083333 | N57: 0.53125 | Q57: 66 | R57: 0.016 | S57: 65 | T57: 46.643 | Y57: =-(Q57+R57/60) -> -66.000267 | Z57: =-(S57+T57/60) -> -65.777383 | AA57: =-(U57+V57/60) -> 0 | AB57: =-(W57+X57/60) -> 0 | AC57: Dodman Island | AE57: 6 | AJ57: Niskin
A58: TANGO_1 Expedition | B58: NIS_20 | C58: 44979 | E58: Bruno Delille | F58: Axelle Brusselman | I58: =IF(E58="","",_xlfn.LET(_xlpm.x,VLOOKUP(E58,'Drop-down_menus'!$D$2:$E$13,2,FALSE),IF(_xlpm.x=0,"",_xlpm.x))) -> https://orcid.org/0000-0003-0502-8101 | J58: =IF(F58="","",_xlfn.LET(_xlpm.x,VLOOKUP(F58,'Drop-down_menus'!$D$2:$E$13,2,FALSE),IF(_xlpm.x=0,"",_xlpm.x))) -> https://orcid.org/0009-0002-6669-2911 | K58: =IF(G58="","",_xlfn.LET(_xlpm.x,VLOOKUP(G58,'Drop-down_menus'!$D$2:$E$13,2,FALSE),IF(_xlpm.x=0,"",_xlpm.x))) | L58: =IF(H58="","",_xlfn.LET(_xlpm.x,VLOOKUP(H58,'Drop-down_menus'!$D$2:$E$13,2,FALSE),IF(_xlpm.x=0,"",_xlpm.x))) | M58: 0.47916667 | N58: 0.50138889 | Y58: -65.7796 | Z58: -65.996 | AC58: Dodman Island | AE58: 16 | AJ58: Niskin
A59: TANGO_1 Expedition | B59: NIS_21 | C59: 44980 | E59: Bruno Delille | F59: Axelle Brusselman | I59: =IF(E59="","",_xlfn.LET(_xlpm.x,VLOOKUP(E59,'Drop-down_menus'!$D$2:$E$13,2,FALSE),IF(_xlpm.x=0,"",_xlpm.x))) -> https://orcid.org/0000-0003-0502-8101 | J59: =IF(F59="","",_xlfn.LET(_xlpm.x,VLOOKUP(F59,'Drop-down_menus'!$D$2:$E$13,2,FALSE),IF(_xlpm.x=0,"",_xlpm.x))) -> https://orcid.org/0009-0002-6669-2911 | K59: =IF(G59="","",_xlfn.LET(_xlpm.x,VLOOKUP(G59,'Drop-down_menus'!$D$2:$E$13,2,FALSE),IF(_xlpm.x=0,"",_xlpm.x))) | L59: =IF(H59="","",_xlfn.LET(_xlpm.x,VLOOKUP(H59,'Drop-down_menus'!$D$2:$E$13,2,FALSE),IF(_xlpm.x=0,"",_xlpm.x))) | M59: 0.51944444 | N59: 0.52986111 | Q59: 66 | R59: 0.027 | S59: 65 | T59: 46.75 | Y59: =-(Q59+R59/60) -> -66.00045 | Z59: =-(S59+T59/60) -> -65.779167 | AA59: =-(U59+V59/60) -> 0 | AB59: =-(W59+X59/60) -> 0 | AC59: Dodman Island | AJ59: Niskin
A60: TANGO_1 Expedition | B60: NIS_22 | C60: 44980 | E60: Bruno Delille | F60: Axelle Brusselman | I60: =IF(E60="","",_xlfn.LET(_xlpm.x,VLOOKUP(E60,'Drop-down_menus'!$D$2:$E$13,2,FALSE),IF(_xlpm.x=0,"",_xlpm.x))) -> https://orcid.org/0000-0003-0502-8101 | J60: =IF(F60="","",_xlfn.LET(_xlpm.x,VLOOKUP(F60,'Drop-down_menus'!$D$2:$E$13,2,FALSE),IF(_xlpm.x=0,"",_xlpm.x))) -> https://orcid.org/0009-0002-6669-2911 | K60: =IF(G60="","",_xlfn.LET(_xlpm.x,VLOOKUP(G60,'Drop-down_menus'!$D$2:$E$13,2,FALSE),IF(_xlpm.x=0,"",_xlpm.x))) | L60: =IF(H60="","",_xlfn.LET(_xlpm.x,VLOOKUP(H60,'Drop-down_menus'!$D$2:$E$13,2,FALSE),IF(_xlpm.x=0,"",_xlpm.x))) | M60: 0.71944444 | N60: 0.72291667 | Q60: 66 | R60: 0.02 | S60: 65 | T60: 47.68 | Y60: =-(Q60+R60/60) -> -66.000333 | Z60: =-(S60+T60/60) -> -65.794667 | AA60: =-(U60+V60/60) -> 0 | AB60: =-(W60+X60/60) -> 0 | AC60: Dodman Island | AJ60: Niskin
A61: TANGO_1 Expedition | B61: NIS_23 | C61: 44980 | E61: Bruno Delille | F61: Axelle Brusselman | I61: =IF(E61="","",_xlfn.LET(_xlpm.x,VLOOKUP(E61,'Drop-down_menus'!$D$2:$E$13,2,FALSE),IF(_xlpm.x=0,"",_xlpm.x))) -> https://orcid.org/0000-0003-0502-8101 | J61: =IF(F61="","",_xlfn.LET(_xlpm.x,VLOOKUP(F61,'Drop-down_menus'!$D$2:$E$13,2,FALSE),IF(_xlpm.x=0,"",_xlpm.x))) -> https://orcid.org/0009-0002-6669-2911 | K61: =IF(G61="","",_xlfn.LET(_xlpm.x,VLOOKUP(G61,'Drop-down_menus'!$D$2:$E$13,2,FALSE),IF(_xlpm.x=0,"",_xlpm.x))) | L61: =IF(H61="","",_xlfn.LET(_xlpm.x,VLOOKUP(H61,'Drop-down_menus'!$D$2:$E$13,2,FALSE),IF(_xlpm.x=0,"",_xlpm.x))) | M61: 0.72569444 | N61: 0.72916667 | Q61: 65 | R61: 59.99 | S61: 65 | T61: 47.92 | Y61: =-(Q61+R61/60) -> -65.999833 | Z61: =-(S61+T61/60) -> -65.798667 | AA61: =-(U61+V61/60) -> 0 | AB61: =-(W61+X61/60) -> 0 | AC61: Dodman Island | AJ61: Niskin
A62: TANGO_1 Expedition | B62: NIS_24 | C62: 44980 | E62: Bruno Delille | F62: Axelle Brusselman | I62: =IF(E62="","",_xlfn.LET(_xlpm.x,VLOOKUP(E62,'Drop-down_menus'!$D$2:$E$13,2,FALSE),IF(_xlpm.x=0,"",_xlpm.x))) -> https://orcid.org/0000-0003-0502-8101 | J62: =IF(F62="","",_xlfn.LET(_xlpm.x,VLOOKUP(F62,'Drop-down_menus'!$D$2:$E$13,2,FALSE),IF(_xlpm.x=0,"",_xlpm.x))) -> https://orcid.org/0009-0002-6669-2911 | K62: =IF(G62="","",_xlfn.LET(_xlpm.x,VLOOKUP(G62,'Drop-down_menus'!$D$2:$E$13,2,FALSE),IF(_xlpm.x=0,"",_xlpm.x))) | L62: =IF(H62="","",_xlfn.LET(_xlpm.x,VLOOKUP(H62,'Drop-down_menus'!$D$2:$E$13,2,FALSE),IF(_xlpm.x=0,"",_xlpm.x))) | M62: 0.73263889 | N62: 0.73611111 | Q62: 65 | R62: 59.72 | S62: 65 | T62: 46.74 | Y62: =-(Q62+R62/60) -> -65.995333 | Z62: =-(S62+T62/60) -> -65.779 | AA62: =-(U62+V62/60) -> 0 | AB62: =-(W62+X62/60) -> 0 | AC62: Dodman Island | AJ62: Niskin
A63: TANGO_1 Expedition | B63: NIS_25 | C63: 44980 | E63: Bruno Delille | F63: Axelle Brusselman | I63: =IF(E63="","",_xlfn.LET(_xlpm.x,VLOOKUP(E63,'Drop-down_menus'!$D$2:$E$13,2,FALSE),IF(_xlpm.x=0,"",_xlpm.x))) -> https://orcid.org/0000-0003-0502-8101 | J63: =IF(F63="","",_xlfn.LET(_xlpm.x,VLOOKUP(F63,'Drop-down_menus'!$D$2:$E$13,2,FALSE),IF(_xlpm.x=0,"",_xlpm.x))) -> https://orcid.org/0009-0002-6669-2911 | K63: =IF(G63="","",_xlfn.LET(_xlpm.x,VLOOKUP(G63,'Drop-down_menus'!$D$2:$E$13,2,FALSE),IF(_xlpm.x=0,"",_xlpm.x))) | L63: =IF(H63="","",_xlfn.LET(_xlpm.x,VLOOKUP(H63,'Drop-down_menus'!$D$2:$E$13,2,FALSE),IF(_xlpm.x=0,"",_xlpm.x))) | M63: 0.73819444 | N63: 0.74166667 | Q63: 65 | R63: 59.85 | S63: 65 | T63: 46.43 | Y63: =-(Q63+R63/60) -> -65.9975 | Z63: =-(S63+T63/60) -> -65.773833 | AA63: =-(U63+V63/60) -> 0 | AB63: =-(W63+X63/60) -> 0 | AC63: Dodman Island | AJ63: Niskin
A64: TANGO_1 Expedition | B64: NIS_26 | C64: 44980 | E64: Bruno Delille | F64: Axelle Brusselman | I64: =IF(E64="","",_xlfn.LET(_xlpm.x,VLOOKUP(E64,'Drop-down_menus'!$D$2:$E$13,2,FALSE),IF(_xlpm.x=0,"",_xlpm.x))) -> https://orcid.org/0000-0003-0502-8101 | J64: =IF(F64="","",_xlfn.LET(_xlpm.x,VLOOKUP(F64,'Drop-down_menus'!$D$2:$E$13,2,FALSE),IF(_xlpm.x=0,"",_xlpm.x))) -> https://orcid.org/0009-0002-6669-2911 | K64: =IF(G64="","",_xlfn.LET(_xlpm.x,VLOOKUP(G64,'Drop-down_menus'!$D$2:$E$13,2,FALSE),IF(_xlpm.x=0,"",_xlpm.x))) | L64: =IF(H64="","",_xlfn.LET(_xlpm.x,VLOOKUP(H64,'Drop-down_menus'!$D$2:$E$13,2,FALSE),IF(_xlpm.x=0,"",_xlpm.x))) | M64: 0.74305556 | N64: 0.74652778 | Q64: 65 | R64: 59.93 | S64: 65 | T64: 46.28 | Y64: =-(Q64+R64/60) -> -65.998833 | Z64: =-(S64+T64/60) -> -65.771333 | AA64: =-(U64+V64/60) -> 0 | AB64: =-(W64+X64/60) -> 0 | AC64: Dodman Island | AJ64: Niskin
A65: TANGO_1 Expedition | B65: NIS_27 | C65: 44981 | E65: Bruno Danis | F65: Camille Moreau | I65: =IF(E65="","",_xlfn.LET(_xlpm.x,VLOOKUP(E65,'Drop-down_menus'!$D$2:$E$13,2,FALSE),IF(_xlpm.x=0,"",_xlpm.x))) -> https://orcid.org/0000-0002-9037-7623 | J65: =IF(F65="","",_xlfn.LET(_xlpm.x,VLOOKUP(F65,'Drop-down_menus'!$D$2:$E$13,2,FALSE),IF(_xlpm.x=0,"",_xlpm.x))) -> https://orcid.org/0000-0002-0981-7442 | K65: =IF(G65="","",_xlfn.LET(_xlpm.x,VLOOKUP(G65,'Drop-down_menus'!$D$2:$E$13,2,FALSE),IF(_xlpm.x=0,"",_xlpm.x))) | L65: =IF(H65="","",_xlfn.LET(_xlpm.x,VLOOKUP(H65,'Drop-down_menus'!$D$2:$E$13,2,FALSE),IF(_xlpm.x=0,"",_xlpm.x))) | M65: 0.58333333 | N65: 0.60416667 | Q65: 65 | R65: 59.85 | S65: 65 | T65: 47.406 | Y65: =-(Q65+R65/60) -> -65.9975 | Z65: =-(S65+T65/60) -> -65.7901 | AA65: =-(U65+V65/60) -> 0 | AB65: =-(W65+X65/60) -> 0 | AC65: Dodman Island | AJ65: Niskin | AK65: Seawater for Manon
A66: TANGO_1 Expedition | B66: NIS_28 | C66: 44982 | E66: Bruno Delille | F66: Axelle Brusselman | I66: =IF(E66="","",_xlfn.LET(_xlpm.x,VLOOKUP(E66,'Drop-down_menus'!$D$2:$E$13,2,FALSE),IF(_xlpm.x=0,"",_xlpm.x))) -> https://orcid.org/0000-0003-0502-8101 | J66: =IF(F66="","",_xlfn.LET(_xlpm.x,VLOOKUP(F66,'Drop-down_menus'!$D$2:$E$13,2,FALSE),IF(_xlpm.x=0,"",_xlpm.x))) -> https://orcid.org/0009-0002-6669-2911 | K66: =IF(G66="","",_xlfn.LET(_xlpm.x,VLOOKUP(G66,'Drop-down_menus'!$D$2:$E$13,2,FALSE),IF(_xlpm.x=0,"",_xlpm.x))) | L66: =IF(H66="","",_xlfn.LET(_xlpm.x,VLOOKUP(H66,'Drop-down_menus'!$D$2:$E$13,2,FALSE),IF(_xlpm.x=0,"",_xlpm.x))) | M66: 0.6875 | N66: 0.70138889 | Q66: 66 | R66: 1.225 | S66: 65 | T66: 50.694 | Y66: =-(Q66+R66/60) -> -66.020417 | Z66: =-(S66+T66/60) -> -65.8449 | AA66: =-(U66+V66/60) -> 0 | AB66: =-(W66+X66/60) -> 0 | AC66: Grandidier Channel | AD66: 0 | AE66: 100 | AJ66: Niskin
A67: TANGO_1 Expedition | B67: NIS_29 | C67: 44984 | E67: Bruno Danis | I67: =IF(E67="","",_xlfn.LET(_xlpm.x,VLOOKUP(E67,'Drop-down_menus'!$D$2:$E$13,2,FALSE),IF(_xlpm.x=0,"",_xlpm.x))) -> https://orcid.org/0000-0002-9037-7623 | J67: =IF(F67="","",_xlfn.LET(_xlpm.x,VLOOKUP(F67,'Drop-down_menus'!$D$2:$E$13,2,FALSE),IF(_xlpm.x=0,"",_xlpm.x))) | K67: =IF(G67="","",_xlfn.LET(_xlpm.x,VLOOKUP(G67,'Drop-down_menus'!$D$2:$E$13,2,FALSE),IF(_xlpm.x=0,"",_xlpm.x))) | L67: =IF(H67="","",_xlfn.LET(_xlpm.x,VLOOKUP(H67,'Drop-down_menus'!$D$2:$E$13,2,FALSE),IF(_xlpm.x=0,"",_xlpm.x))) | M67: 0.58333333 | N67: 0.60416667 | Q67: 65 | R67: 59.9 | S67: 65 | T67: 47.386 | Y67: =-(Q67+R67/60) -> -65.998333 | Z67: =-(S67+T67/60) -> -65.789767 | AA67: =-(U67+V67/60) -> 0 | AB67: =-(W67+X67/60) -> 0 | AC67: Dodman Island | AJ67: Niskin
A68: TANGO_1 Expedition | B68: NIS_3 | C68: 44977 | E68: Bruno Delille | F68: Axelle Brusselman | I68: =IF(E68="","",_xlfn.LET(_xlpm.x,VLOOKUP(E68,'Drop-down_menus'!$D$2:$E$13,2,FALSE),IF(_xlpm.x=0,"",_xlpm.x))) -> https://orcid.org/0000-0003-0502-8101 | J68: =IF(F68="","",_xlfn.LET(_xlpm.x,VLOOKUP(F68,'Drop-down_menus'!$D$2:$E$13,2,FALSE),IF(_xlpm.x=0,"",_xlpm.x))) -> https://orcid.org/0009-0002-6669-2911 | K68: =IF(G68="","",_xlfn.LET(_xlpm.x,VLOOKUP(G68,'Drop-down_menus'!$D$2:$E$13,2,FALSE),IF(_xlpm.x=0,"",_xlpm.x))) | L68: =IF(H68="","",_xlfn.LET(_xlpm.x,VLOOKUP(H68,'Drop-down_menus'!$D$2:$E$13,2,FALSE),IF(_xlpm.x=0,"",_xlpm.x))) | M68: 0.53125 | N68: 0.54166667 | Q68: 66 | R68: 0.016 | S68: 65 | T68: 46.643 | Y68: =-(Q68+R68/60) -> -66.000267 | Z68: =-(S68+T68/60) -> -65.777383 | AA68: =-(U68+V68/60) -> 0 | AB68: =-(W68+X68/60) -> 0 | AC68: Dodman Island | AE68: 0 | AJ68: Niskin
A69: TANGO_1 Expedition | B69: NIS_30 | C69: 44984 | E69: Bruno Delille | F69: Axelle Brusselman | I69: =IF(E69="","",_xlfn.LET(_xlpm.x,VLOOKUP(E69,'Drop-down_menus'!$D$2:$E$13,2,FALSE),IF(_xlpm.x=0,"",_xlpm.x))) -> https://orcid.org/0000-0003-0502-8101 | J69: =IF(F69="","",_xlfn.LET(_xlpm.x,VLOOKUP(F69,'Drop-down_menus'!$D$2:$E$13,2,FALSE),IF(_xlpm.x=0,"",_xlpm.x))) -> https://orcid.org/0009-0002-6669-2911 | K69: =IF(G69="","",_xlfn.LET(_xlpm.x,VLOOKUP(G69,'Drop-down_menus'!$D$2:$E$13,2,FALSE),IF(_xlpm.x=0,"",_xlpm.x))) | L69: =IF(H69="","",_xlfn.LET(_xlpm.x,VLOOKUP(H69,'Drop-down_menus'!$D$2:$E$13,2,FALSE),IF(_xlpm.x=0,"",_xlpm.x))) | M69: 0.45833333 | N69: 0.5 | Y69: =-(Q69+R69/60) -> 0 | Z69: =-(S69+T69/60) -> 0 | AA69: =-(U69+V69/60) -> 0 | AB69: =-(W69+X69/60) -> 0 | AC69: Dodman Island | AJ69: Niskin
A70: TANGO_1 Expedition | B70: NIS_31 | C70: 44985 | E70: Bruno Delille | F70: Axelle Brusselman | I70: =IF(E70="","",_xlfn.LET(_xlpm.x,VLOOKUP(E70,'Drop-down_menus'!$D$2:$E$13,2,FALSE),IF(_xlpm.x=0,"",_xlpm.x))) -> https://orcid.org/0000-0003-0502-8101 | J70: =IF(F70="","",_xlfn.LET(_xlpm.x,VLOOKUP(F70,'Drop-down_menus'!$D$2:$E$13,2,FALSE),IF(_xlpm.x=0,"",_xlpm.x))) -> https://orcid.org/0009-0002-6669-2911 | K70: =IF(G70="","",_xlfn.LET(_xlpm.x,VLOOKUP(G70,'Drop-down_menus'!$D$2:$E$13,2,FALSE),IF(_xlpm.x=0,"",_xlpm.x))) | L70: =IF(H70="","",_xlfn.LET(_xlpm.x,VLOOKUP(H70,'Drop-down_menus'!$D$2:$E$13,2,FALSE),IF(_xlpm.x=0,"",_xlpm.x))) | M70: 0.37847222 | N70: 0.64583333 | Q70: 66 | R70: 0.16215 | S70: 65 | T70: 46.3161 | Y70: =-(Q70+R70/60) -> -66.002702 | Z70: =-(S70+T70/60) -> -65.771935 | AA70: =-(U70+V70/60) -> 0 | AB70: =-(W70+X70/60) -> 0 | AC70: Dodman Island | AJ70: Niskin
A71: TANGO_1 Expedition | B71: NIS_32 | C71: 44987 | E71: Bruno Delille | F71: Axelle Brusselman | I71: =IF(E71="","",_xlfn.LET(_xlpm.x,VLOOKUP(E71,'Drop-down_menus'!$D$2:$E$13,2,FALSE),IF(_xlpm.x=0,"",_xlpm.x))) -> https://orcid.org/0000-0003-0502-8101 | J71: =IF(F71="","",_xlfn.LET(_xlpm.x,VLOOKUP(F71,'Drop-down_menus'!$D$2:$E$13,2,FALSE),IF(_xlpm.x=0,"",_xlpm.x))) -> https://orcid.org/0009-0002-6669-2911 | K71: =IF(G71="","",_xlfn.LET(_xlpm.x,VLOOKUP(G71,'Drop-down_menus'!$D$2:$E$13,2,FALSE),IF(_xlpm.x=0,"",_xlpm.x))) | L71: =IF(H71="","",_xlfn.LET(_xlpm.x,VLOOKUP(H71,'Drop-down_menus'!$D$2:$E$13,2,FALSE),IF(_xlpm.x=0,"",_xlpm.x))) | M71: 0.4625 | N71: 0.49305556 | Q71: 67 | R71: 33.112 | S71: 67 | T71: 12.89 | Y71: =-(Q71+R71/60) -> -67.551867 | Z71: =-(S71+T71/60) -> -67.214833 | AA71: =-(U71+V71/60) -> 0 | AB71: =-(W71+X71/60) -> 0 | AC71: Blaiklock Island | AJ71: Niskin
A72: TANGO_1 Expedition | B72: NIS_34 | C72: 44988 | E72: Bruno Delille | F72: Axelle Brusselman | I72: =IF(E72="","",_xlfn.LET(_xlpm.x,VLOOKUP(E72,'Drop-down_menus'!$D$2:$E$13,2,FALSE),IF(_xlpm.x=0,"",_xlpm.x))) -> https://orcid.org/0000-0003-0502-8101 | J72: =IF(F72="","",_xlfn.LET(_xlpm.x,VLOOKUP(F72,'Drop-down_menus'!$D$2:$E$13,2,FALSE),IF(_xlpm.x=0,"",_xlpm.x))) -> https://orcid.org/0009-0002-6669-2911 | K72: =IF(G72="","",_xlfn.LET(_xlpm.x,VLOOKUP(G72,'Drop-down_menus'!$D$2:$E$13,2,FALSE),IF(_xlpm.x=0,"",_xlpm.x))) | L72: =IF(H72="","",_xlfn.LET(_xlpm.x,VLOOKUP(H72,'Drop-down_menus'!$D$2:$E$13,2,FALSE),IF(_xlpm.x=0,"",_xlpm.x))) | M72: 0.41666667 | N72: 0.46875 | Q72: 67 | R72: 33.112 | S72: 67 | T72: 12.89 | Y72: =-(Q72+R72/60) -> -67.551867 | Z72: =-(S72+T72/60) -> -67.214833 | AA72: =-(U72+V72/60) -> 0 | AB72: =-(W72+X72/60) -> 0 | AC72: Blaiklock Island | AJ72: Niskin
A73: TANGO_1 Expedition | B73: NIS_35 | C73: 44989 | E73: Bruno Danis | F73: Axelle Brusselman | I73: =IF(E73="","",_xlfn.LET(_xlpm.x,VLOOKUP(E73,'Drop-down_menus'!$D$2:$E$13,2,FALSE),IF(_xlpm.x=0,"",_xlpm.x))) -> https://orcid.org/0000-0002-9037-7623 | J73: =IF(F73="","",_xlfn.LET(_xlpm.x,VLOOKUP(F73,'Drop-down_menus'!$D$2:$E$13,2,FALSE),IF(_xlpm.x=0,"",_xlpm.x))) -> https://orcid.org/0009-0002-6669-2911 | K73: =IF(G73="","",_xlfn.LET(_xlpm.x,VLOOKUP(G73,'Drop-down_menus'!$D$2:$E$13,2,FALSE),IF(_xlpm.x=0,"",_xlpm.x))) | L73: =IF(H73="","",_xlfn.LET(_xlpm.x,VLOOKUP(H73,'Drop-down_menus'!$D$2:$E$13,2,FALSE),IF(_xlpm.x=0,"",_xlpm.x))) | M73: 0.46527778 | N73: 0.47222222 | Q73: 67 | R73: 32.994 | S73: 67 | T73: 14.852 | Y73: =-(Q73+R73/60) -> -67.5499 | Z73: =-(S73+T73/60) -> -67.247533 | AA73: =-(U73+V73/60) -> 0 | AB73: =-(W73+X73/60) -> 0 | AC73: Blaiklock Island | AD73: 0 | AE73: 16 | AJ73: Niskin
A74: TANGO_1 Expedition | B74: NIS_36 | C74: 44989 | E74: Bruno Danis | I74: =IF(E74="","",_xlfn.LET(_xlpm.x,VLOOKUP(E74,'Drop-down_menus'!$D$2:$E$13,2,FALSE),IF(_xlpm.x=0,"",_xlpm.x))) -> https://orcid.org/0000-0002-9037-7623 | J74: =IF(F74="","",_xlfn.LET(_xlpm.x,VLOOKUP(F74,'Drop-down_menus'!$D$2:$E$13,2,FALSE),IF(_xlpm.x=0,"",_xlpm.x))) | K74: =IF(G74="","",_xlfn.LET(_xlpm.x,VLOOKUP(G74,'Drop-down_menus'!$D$2:$E$13,2,FALSE),IF(_xlpm.x=0,"",_xlpm.x))) | L74: =IF(H74="","",_xlfn.LET(_xlpm.x,VLOOKUP(H74,'Drop-down_menus'!$D$2:$E$13,2,FALSE),IF(_xlpm.x=0,"",_xlpm.x))) | M74: 0.58333333 | N74: 0.60416667 | Q74: 67 | R74: 32.994 | S74: 67 | T74: 14.852 | Y74: =-(Q74+R74/60) -> -67.5499 | Z74: =-(S74+T74/60) -> -67.247533 | AA74: =-(U74+V74/60) -> 0 | AB74: =-(W74+X74/60) -> 0 | AC74: Blaiklock Island | AD74: 0 | AE74: 16 | AJ74: Niskin
A75: TANGO_1 Expedition | B75: NIS_37 | C75: 44990 | E75: Axelle Brusselman | F75: Bruno Delille | G75: Bruno Danis | I75: =IF(E75="","",_xlfn.LET(_xlpm.x,VLOOKUP(E75,'Drop-down_menus'!$D$2:$E$13,2,FALSE),IF(_xlpm.x=0,"",_xlpm.x))) -> https://orcid.org/0009-0002-6669-2911 | J75: =IF(F75="","",_xlfn.LET(_xlpm.x,VLOOKUP(F75,'Drop-down_menus'!$D$2:$E$13,2,FALSE),IF(_xlpm.x=0,"",_xlpm.x))) -> https://orcid.org/0000-0003-0502-8101 | K75: =IF(G75="","",_xlfn.LET(_xlpm.x,VLOOKUP(G75,'Drop-down_menus'!$D$2:$E$13,2,FALSE),IF(_xlpm.x=0,"",_xlpm.x))) -> https://orcid.org/0000-0002-9037-7623 | L75: =IF(H75="","",_xlfn.LET(_xlpm.x,VLOOKUP(H75,'Drop-down_menus'!$D$2:$E$13,2,FALSE),IF(_xlpm.x=0,"",_xlpm.x))) | M75: 0.60625 | N75: 0.625 | Q75: 67 | R75: 30.3081 | S75: 67 | T75: 3.104 | Y75: =-(Q75+R75/60) -> -67.505135 | Z75: =-(S75+T75/60) -> -67.051733 | AA75: =-(U75+V75/60) -> 0 | AB75: =-(W75+X75/60) -> 0 | AC75: Blaiklock Island | AE75: 19.2 | AJ75: Niskin
A76: TANGO_1 Expedition | B76: NIS_39 | C76: 44991 | E76: Bruno Danis | I76: =IF(E76="","",_xlfn.LET(_xlpm.x,VLOOKUP(E76,'Drop-down_menus'!$D$2:$E$13,2,FALSE),IF(_xlpm.x=0,"",_xlpm.x))) -> https://orcid.org/0000-0002-9037-7623 | J76: =IF(F76="","",_xlfn.LET(_xlpm.x,VLOOKUP(F76,'Drop-down_menus'!$D$2:$E$13,2,FALSE),IF(_xlpm.x=0,"",_xlpm.x))) | K76: =IF(G76="","",_xlfn.LET(_xlpm.x,VLOOKUP(G76,'Drop-down_menus'!$D$2:$E$13,2,FALSE),IF(_xlpm.x=0,"",_xlpm.x))) | L76: =IF(H76="","",_xlfn.LET(_xlpm.x,VLOOKUP(H76,'Drop-down_menus'!$D$2:$E$13,2,FALSE),IF(_xlpm.x=0,"",_xlpm.x))) | M76: 0.58333333 | N76: 0.59375 | Q76: 67 | R76: 30.905 | S76: 67 | T76: 5.999 | Y76: =-(Q76+R76/60) -> -67.515083 | Z76: =-(S76+T76/60) -> -67.099983 | AA76: =-(U76+V76/60) -> 0 | AB76: =-(W76+X76/60) -> 0 | AC76: Blaiklock Island | AJ76: Niskin | AK76: Manon
A77: TANGO_1 Expedition | B77: NIS_4 | C77: 44978 | E77: Bruno Delille | F77: Axelle Brusselman | I77: =IF(E77="","",_xlfn.LET(_xlpm.x,VLOOKUP(E77,'Drop-down_menus'!$D$2:$E$13,2,FALSE),IF(_xlpm.x=0,"",_xlpm.x))) -> https://orcid.org/0000-0003-0502-8101 | J77: =IF(F77="","",_xlfn.LET(_xlpm.x,VLOOKUP(F77,'Drop-down_menus'!$D$2:$E$13,2,FALSE),IF(_xlpm.x=0,"",_xlpm.x))) -> https://orcid.org/0009-0002-6669-2911 | K77: =IF(G77="","",_xlfn.LET(_xlpm.x,VLOOKUP(G77,'Drop-down_menus'!$D$2:$E$13,2,FALSE),IF(_xlpm.x=0,"",_xlpm.x))) | L77: =IF(H77="","",_xlfn.LET(_xlpm.x,VLOOKUP(H77,'Drop-down_menus'!$D$2:$E$13,2,FALSE),IF(_xlpm.x=0,"",_xlpm.x))) | M77: 0.38194444 | N77: 0.38333333 | Q77: 66 | R77: 0.016 | S77: 65 | T77: 46.643 | Y77: =-(Q77+R77/60) -> -66.000267 | Z77: =-(S77+T77/60) -> -65.777383 | AA77: =-(U77+V77/60) -> 0 | AB77: =-(W77+X77/60) -> 0 | AC77: Dodman Island | AJ77: Niskin
A78: TANGO_1 Expedition | B78: NIS_40 | C78: 44992 | E78: Bruno Delille | F78: Axelle Brusselman | I78: =IF(E78="","",_xlfn.LET(_xlpm.x,VLOOKUP(E78,'Drop-down_menus'!$D$2:$E$13,2,FALSE),IF(_xlpm.x=0,"",_xlpm.x))) -> https://orcid.org/0000-0003-0502-8101 | J78: =IF(F78="","",_xlfn.LET(_xlpm.x,VLOOKUP(F78,'Drop-down_menus'!$D$2:$E$13,2,FALSE),IF(_xlpm.x=0,"",_xlpm.x))) -> https://orcid.org/0009-0002-6669-2911 | K78: =IF(G78="","",_xlfn.LET(_xlpm.x,VLOOKUP(G78,'Drop-down_menus'!$D$2:$E$13,2,FALSE),IF(_xlpm.x=0,"",_xlpm.x))) | L78: =IF(H78="","",_xlfn.LET(_xlpm.x,VLOOKUP(H78,'Drop-down_menus'!$D$2:$E$13,2,FALSE),IF(_xlpm.x=0,"",_xlpm.x))) | M78: 0.42708333 | N78: 0.44791667 | Q78: 67 | R78: 30.195 | S78: 67 | T78: 7.834 | Y78: =-(Q78+R78/60) -> -67.50325 | Z78: =-(S78+T78/60) -> -67.130567 | AA78: =-(U78+V78/60) -> 0 | AB78: =-(W78+X78/60) -> 0 | AC78: Blaiklock Island | AJ78: Niskin
A79: TANGO_1 Expedition | B79: NIS_41 | C79: 44992 | E79: Bruno Delille | F79: Axelle Brusselman | I79: =IF(E79="","",_xlfn.LET(_xlpm.x,VLOOKUP(E79,'Drop-down_menus'!$D$2:$E$13,2,FALSE),IF(_xlpm.x=0,"",_xlpm.x))) -> https://orcid.org/0000-0003-0502-8101 | J79: =IF(F79="","",_xlfn.LET(_xlpm.x,VLOOKUP(F79,'Drop-down_menus'!$D$2:$E$13,2,FALSE),IF(_xlpm.x=0,"",_xlpm.x))) -> https://orcid.org/0009-0002-6669-2911 | K79: =IF(G79="","",_xlfn.LET(_xlpm.x,VLOOKUP(G79,'Drop-down_menus'!$D$2:$E$13,2,FALSE),IF(_xlpm.x=0,"",_xlpm.x))) | L79: =IF(H79="","",_xlfn.LET(_xlpm.x,VLOOKUP(H79,'Drop-down_menus'!$D$2:$E$13,2,FALSE),IF(_xlpm.x=0,"",_xlpm.x))) | M79: 0.60138889 | N79: 0.62847222 | Q79: 67 | R79: 30.195 | S79: 67 | T79: 7.834 | Y79: =-(Q79+R79/60) -> -67.50325 | Z79: =-(S79+T79/60) -> -67.130567 | AA79: =-(U79+V79/60) -> 0 | AB79: =-(W79+X79/60) -> 0 | AC79: Blaiklock Island | AJ79: Niskin | AK79: Site 2B
A80: TANGO_1 Expedition | B80: NIS_42 | C80: 44993 | E80: Bruno Delille | F80: Axelle Brusselman | I80: =IF(E80="","",_xlfn.LET(_xlpm.x,VLOOKUP(E80,'Drop-down_menus'!$D$2:$E$13,2,FALSE),IF(_xlpm.x=0,"",_xlpm.x))) -> https://orcid.org/0000-0003-0502-8101 | J80: =IF(F80="","",_xlfn.LET(_xlpm.x,VLOOKUP(F80,'Drop-down_menus'!$D$2:$E$13,2,FALSE),IF(_xlpm.x=0,"",_xlpm.x))) -> https://orcid.org/0009-0002-6669-2911 | K80: =IF(G80="","",_xlfn.LET(_xlpm.x,VLOOKUP(G80,'Drop-down_menus'!$D$2:$E$13,2,FALSE),IF(_xlpm.x=0,"",_xlpm.x))) | L80: =IF(H80="","",_xlfn.LET(_xlpm.x,VLOOKUP(H80,'Drop-down_menus'!$D$2:$E$13,2,FALSE),IF(_xlpm.x=0,"",_xlpm.x))) | M80: 0.53541667 | N80: 0.54166667 | Q80: 67 | R80: 19.985 | S80: 67 | T80: 48.827 | Y80: =-(Q80+R80/60) -> -67.333083 | Z80: =-(S80+T80/60) -> -67.813783 | AC80: Transect | AE80: 0 | AJ80: Niskin
A81: TANGO_1 Expedition | B81: NIS_43 | C81: 44993 | E81: Bruno Delille | F81: Axelle Brusselman | I81: =IF(E81="","",_xlfn.LET(_xlpm.x,VLOOKUP(E81,'Drop-down_menus'!$D$2:$E$13,2,FALSE),IF(_xlpm.x=0,"",_xlpm.x))) -> https://orcid.org/0000-0003-0502-8101 | J81: =IF(F81="","",_xlfn.LET(_xlpm.x,VLOOKUP(F81,'Drop-down_menus'!$D$2:$E$13,2,FALSE),IF(_xlpm.x=0,"",_xlpm.x))) -> https://orcid.org/0009-0002-6669-2911 | K81: =IF(G81="","",_xlfn.LET(_xlpm.x,VLOOKUP(G81,'Drop-down_menus'!$D$2:$E$13,2,FALSE),IF(_xlpm.x=0,"",_xlpm.x))) | L81: =IF(H81="","",_xlfn.LET(_xlpm.x,VLOOKUP(H81,'Drop-down_menus'!$D$2:$E$13,2,FALSE),IF(_xlpm.x=0,"",_xlpm.x))) | M81: 0.61180556 | N81: 0.61805556 | Q81: 67 | R81: 5.472 | S81: 67 | T81: 31.537 | Y81: =-(Q81+R81/60) -> -67.0912 | Z81: =-(S81+T81/60) -> -67.525617 | AC81: Transect | AE81: 0 | AJ81: Niskin
A82: TANGO_1 Expedition | B82: NIS_44 | C82: 44993 | E82: Bruno Delille | F82: Axelle Brusselman | I82: =IF(E82="","",_xlfn.LET(_xlpm.x,VLOOKUP(E82,'Drop-down_menus'!$D$2:$E$13,2,FALSE),IF(_xlpm.x=0,"",_xlpm.x))) -> https://orcid.org/0000-0003-0502-8101 | J82: =IF(F82="","",_xlfn.LET(_xlpm.x,VLOOKUP(F82,'Drop-down_menus'!$D$2:$E$13,2,FALSE),IF(_xlpm.x=0,"",_xlpm.x))) -> https://orcid.org/0009-0002-6669-2911 | K82: =IF(G82="","",_xlfn.LET(_xlpm.x,VLOOKUP(G82,'Drop-down_menus'!$D$2:$E$13,2,FALSE),IF(_xlpm.x=0,"",_xlpm.x))) | L82: =IF(H82="","",_xlfn.LET(_xlpm.x,VLOOKUP(H82,'Drop-down_menus'!$D$2:$E$13,2,FALSE),IF(_xlpm.x=0,"",_xlpm.x))) | M82: 0.67569444 | N82: 0.68055556 | Q82: 66 | R82: 55.228 | S82: 67 | T82: 18.322 | Y82: =-(Q82+R82/60) -> -66.920467 | Z82: =-(S82+T82/60) -> -67.305367 | AC82: Transect | AE82: 0 | AJ82: Niskin
A83: TANGO_1 Expedition | B83: NIS_5 | C83: 44978 | E83: Bruno Delille | F83: Axelle Brusselman | I83: =IF(E83="","",_xlfn.LET(_xlpm.x,VLOOKUP(E83,'Drop-down_menus'!$D$2:$E$13,2,FALSE),IF(_xlpm.x=0,"",_xlpm.x))) -> https://orcid.org/0000-0003-0502-8101 | J83: =IF(F83="","",_xlfn.LET(_xlpm.x,VLOOKUP(F83,'Drop-down_menus'!$D$2:$E$13,2,FALSE),IF(_xlpm.x=0,"",_xlpm.x))) -> https://orcid.org/0009-0002-6669-2911 | K83: =IF(G83="","",_xlfn.LET(_xlpm.x,VLOOKUP(G83,'Drop-down_menus'!$D$2:$E$13,2,FALSE),IF(_xlpm.x=0,"",_xlpm.x))) | L83: =IF(H83="","",_xlfn.LET(_xlpm.x,VLOOKUP(H83,'Drop-down_menus'!$D$2:$E$13,2,FALSE),IF(_xlpm.x=0,"",_xlpm.x))) | M83: 0.72708333 | N83: 0.73055556 | Q83: 65 | R83: 99.94 | S83: 65 | T83: 76.89 | Y83: =-(Q83+R83/60) -> -66.665667 | Z83: =-(S83+T83/60) -> -66.2815 | AA83: =-(U83+V83/60) -> 0 | AB83: =-(W83+X83/60) -> 0 | AC83: Dodman Island | AD83: 0 | AE83: 0 | AJ83: Niskin
A84: TANGO_1 Expedition | B84: NIS_6 | C84: 44978 | E84: Bruno Delille | F84: Axelle Brusselman | I84: =IF(E84="","",_xlfn.LET(_xlpm.x,VLOOKUP(E84,'Drop-down_menus'!$D$2:$E$13,2,FALSE),IF(_xlpm.x=0,"",_xlpm.x))) -> https://orcid.org/0000-0003-0502-8101 | J84: =IF(F84="","",_xlfn.LET(_xlpm.x,VLOOKUP(F84,'Drop-down_menus'!$D$2:$E$13,2,FALSE),IF(_xlpm.x=0,"",_xlpm.x))) -> https://orcid.org/0009-0002-6669-2911 | K84: =IF(G84="","",_xlfn.LET(_xlpm.x,VLOOKUP(G84,'Drop-down_menus'!$D$2:$E$13,2,FALSE),IF(_xlpm.x=0,"",_xlpm.x))) | L84: =IF(H84="","",_xlfn.LET(_xlpm.x,VLOOKUP(H84,'Drop-down_menus'!$D$2:$E$13,2,FALSE),IF(_xlpm.x=0,"",_xlpm.x))) | M84: 0.68333333 | N84: 0.68680556 | Q84: 66 | R84: 0.087 | S84: 65 | T84: 78.95 | Y84: =-(Q84+R84/60) -> -66.00145 | Z84: =-(S84+T84/60) -> -66.315833 | AA84: =-(U84+V84/60) -> 0 | AB84: =-(W84+X84/60) -> 0 | AC84: Dodman Island | AD84: 0 | AE84: 0 | AJ84: Niskin
A85: TANGO_1 Expedition | B85: NIS_7 | C85: 44978 | E85: Bruno Delille | F85: Axelle Brusselman | I85: =IF(E85="","",_xlfn.LET(_xlpm.x,VLOOKUP(E85,'Drop-down_menus'!$D$2:$E$13,2,FALSE),IF(_xlpm.x=0,"",_xlpm.x))) -> https://orcid.org/0000-0003-0502-8101 | J85: =IF(F85="","",_xlfn.LET(_xlpm.x,VLOOKUP(F85,'Drop-down_menus'!$D$2:$E$13,2,FALSE),IF(_xlpm.x=0,"",_xlpm.x))) -> https://orcid.org/0009-0002-6669-2911 | K85: =IF(G85="","",_xlfn.LET(_xlpm.x,VLOOKUP(G85,'Drop-down_menus'!$D$2:$E$13,2,FALSE),IF(_xlpm.x=0,"",_xlpm.x))) | L85: =IF(H85="","",_xlfn.LET(_xlpm.x,VLOOKUP(H85,'Drop-down_menus'!$D$2:$E$13,2,FALSE),IF(_xlpm.x=0,"",_xlpm.x))) | M85: 0.69166667 | N85: 0.69513889 | Q85: 66 | R85: 0.039 | S85: 65 | T85: 78.95 | Y85: =-(Q85+R85/60) -> -66.00065 | Z85: =-(S85+T85/60) -> -66.315833 | AA85: =-(U85+V85/60) -> 0 | AB85: =-(W85+X85/60) -> 0 | AC85: Dodman Island | AD85: 0 | AE85: 0 | AJ85: Niskin
A86: TANGO_1 Expedition | B86: NIS_8 | C86: 44978 | E86: Bruno Delille | F86: Axelle Brusselman | I86: =IF(E86="","",_xlfn.LET(_xlpm.x,VLOOKUP(E86,'Drop-down_menus'!$D$2:$E$13,2,FALSE),IF(_xlpm.x=0,"",_xlpm.x))) -> https://orcid.org/0000-0003-0502-8101 | J86: =IF(F86="","",_xlfn.LET(_xlpm.x,VLOOKUP(F86,'Drop-down_menus'!$D$2:$E$13,2,FALSE),IF(_xlpm.x=0,"",_xlpm.x))) -> https://orcid.org/0009-0002-6669-2911 | K86: =IF(G86="","",_xlfn.LET(_xlpm.x,VLOOKUP(G86,'Drop-down_menus'!$D$2:$E$13,2,FALSE),IF(_xlpm.x=0,"",_xlpm.x))) | L86: =IF(H86="","",_xlfn.LET(_xlpm.x,VLOOKUP(H86,'Drop-down_menus'!$D$2:$E$13,2,FALSE),IF(_xlpm.x=0,"",_xlpm.x))) | M86: 0.70069444 | N86: 0.70416667 | Q86: 65 | R86: 99.97 | S86: 65 | T86: 78.95 | Y86: =-(Q86+R86/60) -> -66.666167 | Z86: =-(S86+T86/60) -> -66.315833 | AA86: =-(U86+V86/60) -> 0 | AB86: =-(W86+X86/60) -> 0 | AC86: Dodman Island | AD86: 0 | AE86: 0 | AJ86: Niskin
A87: TANGO_1 Expedition | B87: NIS_9 | C87: 44978 | E87: Bruno Delille | F87: Axelle Brusselman | I87: =IF(E87="","",_xlfn.LET(_xlpm.x,VLOOKUP(E87,'Drop-down_menus'!$D$2:$E$13,2,FALSE),IF(_xlpm.x=0,"",_xlpm.x))) -> https://orcid.org/0000-0003-0502-8101 | J87: =IF(F87="","",_xlfn.LET(_xlpm.x,VLOOKUP(F87,'Drop-down_menus'!$D$2:$E$13,2,FALSE),IF(_xlpm.x=0,"",_xlpm.x))) -> https://orcid.org/0009-0002-6669-2911 | K87: =IF(G87="","",_xlfn.LET(_xlpm.x,VLOOKUP(G87,'Drop-down_menus'!$D$2:$E$13,2,FALSE),IF(_xlpm.x=0,"",_xlpm.x))) | L87: =IF(H87="","",_xlfn.LET(_xlpm.x,VLOOKUP(H87,'Drop-down_menus'!$D$2:$E$13,2,FALSE),IF(_xlpm.x=0,"",_xlpm.x))) | M87: 0.70486111 | N87: 0.70833333 | Q87: 65 | R87: 99.75 | S87: 65 | T87: 78.95 | Y87: =-(Q87+R87/60) -> -66.6625 | Z87: =-(S87+T87/60) -> -66.315833 | AA87: =-(U87+V87/60) -> 0 | AB87: =-(W87+X87/60) -> 0 | AC87: Dodman Island | AD87: 0 | AE87: 0 | AJ87: Niskin
A88: TANGO_1 Expedition | B88: RD_1 | C88: 44976 | E88: Henri Robert | F88: Camille Moreau | I88: =IF(E88="","",_xlfn.LET(_xlpm.x,VLOOKUP(E88,'Drop-down_menus'!$D$2:$E$13,2,FALSE),IF(_xlpm.x=0,"",_xlpm.x))) | J88: =IF(F88="","",_xlfn.LET(_xlpm.x,VLOOKUP(F88,'Drop-down_menus'!$D$2:$E$13,2,FALSE),IF(_xlpm.x=0,"",_xlpm.x))) -> https://orcid.org/0000-0002-0981-7442 | K88: =IF(G88="","",_xlfn.LET(_xlpm.x,VLOOKUP(G88,'Drop-down_menus'!$D$2:$E$13,2,FALSE),IF(_xlpm.x=0,"",_xlpm.x))) | L88: =IF(H88="","",_xlfn.LET(_xlpm.x,VLOOKUP(H88,'Drop-down_menus'!$D$2:$E$13,2,FALSE),IF(_xlpm.x=0,"",_xlpm.x))) | M88: 0.4375 | N88: 0.45833333 | Q88: 66 | R88: 0.159 | S88: 65 | T88: 46.437 | U88: 66 | V88: 0.23 | W88: 65 | X88: 46.613 | Y88: =-(Q88+R88/60) -> -66.00265 | Z88: =-(S88+T88/60) -> -65.77395 | AA88: =-(U88+V88/60) -> -66.003833 | AB88: =-(W88+X88/60) -> -65.776883 | AC88: Dodman Island | AD88: 18 | AE88: 22 | AJ88: Rauschert Dredge
A89: TANGO_1 Expedition | B89: RD_10 | C89: 44983 | E89: Henri Robert | I89: =IF(E89="","",_xlfn.LET(_xlpm.x,VLOOKUP(E89,'Drop-down_menus'!$D$2:$E$13,2,FALSE),IF(_xlpm.x=0,"",_xlpm.x))) | J89: =IF(F89="","",_xlfn.LET(_xlpm.x,VLOOKUP(F89,'Drop-down_menus'!$D$2:$E$13,2,FALSE),IF(_xlpm.x=0,"",_xlpm.x))) | K89: =IF(G89="","",_xlfn.LET(_xlpm.x,VLOOKUP(G89,'Drop-down_menus'!$D$2:$E$13,2,FALSE),IF(_xlpm.x=0,"",_xlpm.x))) | L89: =IF(H89="","",_xlfn.LET(_xlpm.x,VLOOKUP(H89,'Drop-down_menus'!$D$2:$E$13,2,FALSE),IF(_xlpm.x=0,"",_xlpm.x))) | M89: 0.58333333 | N89: 0.59722222 | Q89: 66 | R89: 0.187 | S89: 65 | T89: 47.932 | U89: 66 | V89: 0.18 | W89: 65 | X89: 47.794 | Y89: =-(Q89+R89/60) -> -66.003117 | Z89: =-(S89+T89/60) -> -65.798867 | AA89: =-(U89+V89/60) -> -66.003 | AB89: =-(W89+X89/60) -> -65.796567 | AC89: Dodman Island | AD89: 11 | AE89: 12 | AJ89: Rauschert Dredge
A90: TANGO_1 Expedition | B90: RD_11 | C90: 44984 | E90: Henri Robert | I90: =IF(E90="","",_xlfn.LET(_xlpm.x,VLOOKUP(E90,'Drop-down_menus'!$D$2:$E$13,2,FALSE),IF(_xlpm.x=0,"",_xlpm.x))) | J90: =IF(F90="","",_xlfn.LET(_xlpm.x,VLOOKUP(F90,'Drop-down_menus'!$D$2:$E$13,2,FALSE),IF(_xlpm.x=0,"",_xlpm.x))) | K90: =IF(G90="","",_xlfn.LET(_xlpm.x,VLOOKUP(G90,'Drop-down_menus'!$D$2:$E$13,2,FALSE),IF(_xlpm.x=0,"",_xlpm.x))) | L90: =IF(H90="","",_xlfn.LET(_xlpm.x,VLOOKUP(H90,'Drop-down_menus'!$D$2:$E$13,2,FALSE),IF(_xlpm.x=0,"",_xlpm.x))) | M90: 0.60416667 | N90: 0.61805556 | Q90: 66 | R90: 0.023 | S90: 65 | T90: 47.414 | U90: 66 | V90: 0.067 | W90: 65 | X90: 47.33 | Y90: =-(Q90+R90/60) -> -66.000383 | Z90: =-(S90+T90/60) -> -65.790233 | AA90: =-(U90+V90/60) -> -66.001117 | AB90: =-(W90+X90/60) -> -65.788833 | AC90: Dodman Island | AD90: 9 | AE90: 12 | AJ90: Rauschert Dredge
A91: TANGO_1 Expedition | B91: RD_12 | C91: 44987 | E91: Henri Robert | I91: =IF(E91="","",_xlfn.LET(_xlpm.x,VLOOKUP(E91,'Drop-down_menus'!$D$2:$E$13,2,FALSE),IF(_xlpm.x=0,"",_xlpm.x))) | J91: =IF(F91="","",_xlfn.LET(_xlpm.x,VLOOKUP(F91,'Drop-down_menus'!$D$2:$E$13,2,FALSE),IF(_xlpm.x=0,"",_xlpm.x))) | K91: =IF(G91="","",_xlfn.LET(_xlpm.x,VLOOKUP(G91,'Drop-down_menus'!$D$2:$E$13,2,FALSE),IF(_xlpm.x=0,"",_xlpm.x))) | L91: =IF(H91="","",_xlfn.LET(_xlpm.x,VLOOKUP(H91,'Drop-down_menus'!$D$2:$E$13,2,FALSE),IF(_xlpm.x=0,"",_xlpm.x))) | M91: 0.35416667 | N91: 0.36111111 | Q91: 67 | R91: 33.09 | S91: 67 | T91: 13.291 | U91: 67 | V91: 33.026 | W91: 67 | X91: 13.429 | Y91: =-(Q91+R91/60) -> -67.5515 | Z91: =-(S91+T91/60) -> -67.221517 | AA91: =-(U91+V91/60) -> -67.550433 | AB91: =-(W91+X91/60) -> -67.223817 | AC91: Blaiklock Island | AJ91: Rauschert Dredge
A92: TANGO_1 Expedition | B92: RD_13 | C92: 44987 | E92: Henri Robert | I92: =IF(E92="","",_xlfn.LET(_xlpm.x,VLOOKUP(E92,'Drop-down_menus'!$D$2:$E$13,2,FALSE),IF(_xlpm.x=0,"",_xlpm.x))) | J92: =IF(F92="","",_xlfn.LET(_xlpm.x,VLOOKUP(F92,'Drop-down_menus'!$D$2:$E$13,2,FALSE),IF(_xlpm.x=0,"",_xlpm.x))) | K92: =IF(G92="","",_xlfn.LET(_xlpm.x,VLOOKUP(G92,'Drop-down_menus'!$D$2:$E$13,2,FALSE),IF(_xlpm.x=0,"",_xlpm.x))) | L92: =IF(H92="","",_xlfn.LET(_xlpm.x,VLOOKUP(H92,'Drop-down_menus'!$D$2:$E$13,2,FALSE),IF(_xlpm.x=0,"",_xlpm.x))) | M92: 0.5625 | N92: 0.57638889 | Q92: 67 | R92: 33.048 | S92: 67 | T92: 13.736 | U92: 67 | V92: 32.993 | W92: 67 | X92: 13.708 | Y92: =-(Q92+R92/60) -> -67.5508 | Z92: =-(S92+T92/60) -> -67.228933 | AA92: =-(U92+V92/60) -> -67.549883 | AB92: =-(W92+X92/60) -> -67.228467 | AC92: Blaiklock Island | AJ92: Rauschert Dredge
A93: TANGO_1 Expedition | B93: RD_14 | C93: 44987 | E93: Henri Robert | I93: =IF(E93="","",_xlfn.LET(_xlpm.x,VLOOKUP(E93,'Drop-down_menus'!$D$2:$E$13,2,FALSE),IF(_xlpm.x=0,"",_xlpm.x))) | J93: =IF(F93="","",_xlfn.LET(_xlpm.x,VLOOKUP(F93,'Drop-down_menus'!$D$2:$E$13,2,FALSE),IF(_xlpm.x=0,"",_xlpm.x))) | K93: =IF(G93="","",_xlfn.LET(_xlpm.x,VLOOKUP(G93,'Drop-down_menus'!$D$2:$E$13,2,FALSE),IF(_xlpm.x=0,"",_xlpm.x))) | L93: =IF(H93="","",_xlfn.LET(_xlpm.x,VLOOKUP(H93,'Drop-down_menus'!$D$2:$E$13,2,FALSE),IF(_xlpm.x=0,"",_xlpm.x))) | M93: 0.57638889 | N93: 0.59027778 | Q93: 67 | R93: 32.984 | S93: 67 | T93: 13.755 | U93: 67 | V93: 32.928 | W93: 67 | X93: 13.609 | Y93: =-(Q93+R93/60) -> -67.549733 | Z93: =-(S93+T93/60) -> -67.22925 | AA93: =-(U93+V93/60) -> -67.5488 | AB93: =-(W93+X93/60) -> -67.226817 | AC93: Blaiklock Island | AJ93: Rauschert Dredge
A94: TANGO_1 Expedition | B94: RD_15 | C94: 44988 | E94: Henri Robert | I94: =IF(E94="","",_xlfn.LET(_xlpm.x,VLOOKUP(E94,'Drop-down_menus'!$D$2:$E$13,2,FALSE),IF(_xlpm.x=0,"",_xlpm.x))) | J94: =IF(F94="","",_xlfn.LET(_xlpm.x,VLOOKUP(F94,'Drop-down_menus'!$D$2:$E$13,2,FALSE),IF(_xlpm.x=0,"",_xlpm.x))) | K94: =IF(G94="","",_xlfn.LET(_xlpm.x,VLOOKUP(G94,'Drop-down_menus'!$D$2:$E$13,2,FALSE),IF(_xlpm.x=0,"",_xlpm.x))) | L94: =IF(H94="","",_xlfn.LET(_xlpm.x,VLOOKUP(H94,'Drop-down_menus'!$D$2:$E$13,2,FALSE),IF(_xlpm.x=0,"",_xlpm.x))) | M94: 0.45833333 | N94: 0.47222222 | Y94: =-(Q94+R94/60) -> 0 | Z94: =-(S94+T94/60) -> 0 | AA94: =-(U94+V94/60) -> 0 | AB94: =-(W94+X94/60) -> 0 | AC94: Blaiklock Island | AJ94: Rauschert Dredge
A95: TANGO_1 Expedition | B95: RD_16 | C95: 44988 | E95: Henri Robert | I95: =IF(E95="","",_xlfn.LET(_xlpm.x,VLOOKUP(E95,'Drop-down_menus'!$D$2:$E$13,2,FALSE),IF(_xlpm.x=0,"",_xlpm.x))) | J95: =IF(F95="","",_xlfn.LET(_xlpm.x,VLOOKUP(F95,'Drop-down_menus'!$D$2:$E$13,2,FALSE),IF(_xlpm.x=0,"",_xlpm.x))) | K95: =IF(G95="","",_xlfn.LET(_xlpm.x,VLOOKUP(G95,'Drop-down_menus'!$D$2:$E$13,2,FALSE),IF(_xlpm.x=0,"",_xlpm.x))) | L95: =IF(H95="","",_xlfn.LET(_xlpm.x,VLOOKUP(H95,'Drop-down_menus'!$D$2:$E$13,2,FALSE),IF(_xlpm.x=0,"",_xlpm.x))) | M95: 0.70833333 | N95: 0.72222222 | Y95: =-(Q95+R95/60) -> 0 | Z95: =-(S95+T95/60) -> 0 | AA95: =-(U95+V95/60) -> 0 | AB95: =-(W95+X95/60) -> 0 | AC95: Blaiklock Island | AD95: 28 | AE95: 34 | AJ95: Rauschert Dredge
A96: TANGO_1 Expedition | B96: RD_17 | C96: 44989 | E96: Henri Robert | I96: =IF(E96="","",_xlfn.LET(_xlpm.x,VLOOKUP(E96,'Drop-down_menus'!$D$2:$E$13,2,FALSE),IF(_xlpm.x=0,"",_xlpm.x))) | J96: =IF(F96="","",_xlfn.LET(_xlpm.x,VLOOKUP(F96,'Drop-down_menus'!$D$2:$E$13,2,FALSE),IF(_xlpm.x=0,"",_xlpm.x))) | K96: =IF(G96="","",_xlfn.LET(_xlpm.x,VLOOKUP(G96,'Drop-down_menus'!$D$2:$E$13,2,FALSE),IF(_xlpm.x=0,"",_xlpm.x))) | L96: =IF(H96="","",_xlfn.LET(_xlpm.x,VLOOKUP(H96,'Drop-down_menus'!$D$2:$E$13,2,FALSE),IF(_xlpm.x=0,"",_xlpm.x))) | M96: 0.60416667 | N96: 0.625 | Q96: 67 | R96: 33.019 | S96: 67 | T96: 14.856 | U96: 67 | V96: 33.021 | W96: 67 | X96: 14.8 | Y96: =-(Q96+R96/60) -> -67.550317 | Z96: =-(S96+T96/60) -> -67.2476 | AA96: =-(U96+V96/60) -> -67.55035 | AB96: =-(W96+X96/60) -> -67.246667 | AC96: Blaiklock Island | AD96: 5 | AE96: 25 | AJ96: Rauschert Dredge
A97: TANGO_1 Expedition | B97: RD_18 | C97: 44990 | E97: Henri Robert | I97: =IF(E97="","",_xlfn.LET(_xlpm.x,VLOOKUP(E97,'Drop-down_menus'!$D$2:$E$13,2,FALSE),IF(_xlpm.x=0,"",_xlpm.x))) | J97: =IF(F97="","",_xlfn.LET(_xlpm.x,VLOOKUP(F97,'Drop-down_menus'!$D$2:$E$13,2,FALSE),IF(_xlpm.x=0,"",_xlpm.x))) | K97: =IF(G97="","",_xlfn.LET(_xlpm.x,VLOOKUP(G97,'Drop-down_menus'!$D$2:$E$13,2,FALSE),IF(_xlpm.x=0,"",_xlpm.x))) | L97: =IF(H97="","",_xlfn.LET(_xlpm.x,VLOOKUP(H97,'Drop-down_menus'!$D$2:$E$13,2,FALSE),IF(_xlpm.x=0,"",_xlpm.x))) | M97: 0.60416667 | N97: 0.61805556 | Q97: 67 | R97: 30.363 | S97: 67 | T97: 3.102 | U97: 67 | V97: 30.316 | W97: 67 | X97: 3.119 | Y97: =-(Q97+R97/60) -> -67.50605 | Z97: =-(S97+T97/60) -> -67.0517 | AA97: =-(U97+V97/60) -> -67.505267 | AB97: =-(W97+X97/60) -> -67.051983 | AC97: Blaiklock Island | AE97: 18 | AJ97: Rauschert Dredge
A98: TANGO_1 Expedition | B98: RD_19 | C98: 44991 | E98: Henri Robert | I98: =IF(E98="","",_xlfn.LET(_xlpm.x,VLOOKUP(E98,'Drop-down_menus'!$D$2:$E$13,2,FALSE),IF(_xlpm.x=0,"",_xlpm.x))) | J98: =IF(F98="","",_xlfn.LET(_xlpm.x,VLOOKUP(F98,'Drop-down_menus'!$D$2:$E$13,2,FALSE),IF(_xlpm.x=0,"",_xlpm.x))) | K98: =IF(G98="","",_xlfn.LET(_xlpm.x,VLOOKUP(G98,'Drop-down_menus'!$D$2:$E$13,2,FALSE),IF(_xlpm.x=0,"",_xlpm.x))) | L98: =IF(H98="","",_xlfn.LET(_xlpm.x,VLOOKUP(H98,'Drop-down_menus'!$D$2:$E$13,2,FALSE),IF(_xlpm.x=0,"",_xlpm.x))) | M98: 0.36111111 | N98: 0.375 | Q98: 67 | R98: 30.998 | S98: 67 | T98: 6.104 | U98: 67 | V98: 30.967 | W98: 67 | X98: 6.012 | Y98: =-(Q98+R98/60) -> -67.516633 | Z98: =-(S98+T98/60) -> -67.101733 | AA98: =-(U98+V98/60) -> -67.516117 | AB98: =-(W98+X98/60) -> -67.1002 | AC98: Blaiklock Island | AE98: 14 | AF98: 33 | AJ98: Rauschert Dredge | AK98: First attempt unsuccessful. Second success but poor
A99: TANGO_1 Expedition | B99: RD_2 | C99: 44976 | E99: Henri Robert | F99: Camille Moreau | I99: =IF(E99="","",_xlfn.LET(_xlpm.x,VLOOKUP(E99,'Drop-down_menus'!$D$2:$E$13,2,FALSE),IF(_xlpm.x=0,"",_xlpm.x))) | J99: =IF(F99="","",_xlfn.LET(_xlpm.x,VLOOKUP(F99,'Drop-down_menus'!$D$2:$E$13,2,FALSE),IF(_xlpm.x=0,"",_xlpm.x))) -> https://orcid.org/0000-0002-0981-7442 | K99: =IF(G99="","",_xlfn.LET(_xlpm.x,VLOOKUP(G99,'Drop-down_menus'!$D$2:$E$13,2,FALSE),IF(_xlpm.x=0,"",_xlpm.x))) | L99: =IF(H99="","",_xlfn.LET(_xlpm.x,VLOOKUP(H99,'Drop-down_menus'!$D$2:$E$13,2,FALSE),IF(_xlpm.x=0,"",_xlpm.x))) | M99: 0.6875 | N99: 0.70833333 | Q99: 66 | R99: 0.14 | S99: 65 | T99: 46.52 | U99: 66 | V99: 0.18 | W99: 65 | X99: 46.65 | Y99: =-(Q99+R99/60) -> -66.002333 | Z99: =-(S99+T99/60) -> -65.775333 | AA99: =-(U99+V99/60) -> -66.003 | AB99: =-(W99+X99/60) -> -65.7775 | AC99: Dodman Island | AD99: 18 | AE99: 22 | AJ99: Rauschert Dredge
A100: TANGO_1 Expedition | B100: RD_20 | C100: 44991 | E100: Henri Robert | I100: =IF(E100="","",_xlfn.LET(_xlpm.x,VLOOKUP(E100,'Drop-down_menus'!$D$2:$E$13,2,FALSE),IF(_xlpm.x=0,"",_xlpm.x))) | J100: =IF(F100="","",_xlfn.LET(_xlpm.x,VLOOKUP(F100,'Drop-down_menus'!$D$2:$E$13,2,FALSE),IF(_xlpm.x=0,"",_xlpm.x))) | K100: =IF(G100="","",_xlfn.LET(_xlpm.x,VLOOKUP(G100,'Drop-down_menus'!$D$2:$E$13,2,FALSE),IF(_xlpm.x=0,"",_xlpm.x))) | L100: =IF(H100="","",_xlfn.LET(_xlpm.x,VLOOKUP(H100,'Drop-down_menus'!$D$2:$E$13,2,FALSE),IF(_xlpm.x=0,"",_xlpm.x))) | M100: 0.625 | N100: 0.63888889 | Q100: 67 | R100: 30.873 | S100: 67 | T100: 5.923 | U100: 67 | V100: 30.82 | W100: 67 | X100: 6.908 | Y100: =-(Q100+R100/60) -> -67.51455 | Z100: =-(S100+T100/60) -> -67.098717 | AA100: =-(U100+V100/60) -> -67.513667 | AB100: =-(W100+X100/60) -> -67.115133 | AC100: Blaiklock Island | AE100: 18 | AF100: 22 | AJ100: Rauschert Dredge
...

Sheet Samples
A1: parentSampleID | B1: sampleID | C1: eventID | D1: eventIDinEvents | E1: Sample Type | F1: Parameter | G1: verbatimIdentification | H1: vernacularName | I1: correctedVerbatimIdentification | J1: scientificName | K1: identificationQualifier | L1: scientificNameID | M1: scientificNameAuthorship | N1: kingdom | O1: phylum | P1: class | Q1: order | R1: family | S1: genus | T1: specificEpithet | U1: individualCount | V1: identifiedBy1 | W1: identifiedBy2 | X1: identifiedBy3 | Y1: identifiedByID1 | Z1: identifiedByID2 | AA1: identifiedByID3 | AB1: preserved in | AC1: container | AD1: Remark | AE1: recordedBy1 | AF1: recordedBy2 | AG1: recordedByID1 | AH1: recordedByID2 | AI1: occurrenceRemarks
B2: 1 | C2: DR_1 | D2: =COUNTIF(Events!$B$2:$B$171, C2) > 0 -> TRUE | E2: Media_file | F2: Aerial Imagery | J2: =IF(I2="","",_xlfn.LET(_xlpm.x,VLOOKUP(I2,'2026-01-09_taxon-match'!$A$2:$N$81,4,FALSE),IF(_xlpm.x=0,"",_xlpm.x))) | L2: =IF(I2="","",_xlfn.LET(_xlpm.x,VLOOKUP(I2,'2026-01-09_taxon-match'!$A$2:$N$81,3,FALSE),IF(_xlpm.x=0,"",_xlpm.x))) | M2: =IF($I2="","",_xlfn.LET(_xlpm.x,VLOOKUP($I2,'2026-01-09_taxon-match'!$A$2:$N$81,5,FALSE),IF(_xlpm.x=0,"",_xlpm.x))) | N2: =IF($I2="","",_xlfn.LET(_xlpm.x,VLOOKUP($I2,'2026-01-09_taxon-match'!$A$2:$N$81,6,FALSE),IF(_xlpm.x=0,"",_xlpm.x))) | O2: =IF($I2="","",_xlfn.LET(_xlpm.x,VLOOKUP($I2,'2026-01-09_taxon-match'!$A$2:$N$81,8,FALSE),IF(_xlpm.x=0,"",_xlpm.x))) | P2: =IF($I2="","",_xlfn.LET(_xlpm.x,VLOOKUP($I2,'2026-01-09_taxon-match'!$A$2:$N$81,8,FALSE),IF(_xlpm.x=0,"",_xlpm.x))) | Q2: =IF($I2="","",_xlfn.LET(_xlpm.x,VLOOKUP($I2,'2026-01-09_taxon-match'!$A$2:$N$81,9,FALSE),IF(_xlpm.x=0,"",_xlpm.x))) | R2: =IF($I2="","",_xlfn.LET(_xlpm.x,VLOOKUP($I2,'2026-01-09_taxon-match'!$A$2:$N$81,10,FALSE),IF(_xlpm.x=0,"",_xlpm.x))) | S2: =IF($I2="","",_xlfn.LET(_xlpm.x,VLOOKUP($I2,'2026-01-09_taxon-match'!$A$2:$N$81,11,FALSE),IF(_xlpm.x=0,"",_xlpm.x))) | T2: =IF($I2="","",_xlfn.LET(_xlpm.x,VLOOKUP($I2,'2026-01-09_taxon-match'!$A$2:$N$81,13,FALSE),IF(_xlpm.x=0,"",_xlpm.x))) | V2: Bruno Danis | Y2: =IF(V2="","",_xlfn.LET(_xlpm.x,VLOOKUP(V2,'Drop-down_menus'!$D$2:$E$13,2,FALSE),IF(_xlpm.x=0,"",_xlpm.x))) -> https://orcid.org/0000-0002-9037-7623 | Z2: =IF(W2="","",_xlfn.LET(_xlpm.x,VLOOKUP(W2,'Drop-down_menus'!$D$2:$E$13,2,FALSE),IF(_xlpm.x=0,"",_xlpm.x))) | AA2: =IF(X2="","",_xlfn.LET(_xlpm.x,VLOOKUP(X2,'Drop-down_menus'!$D$2:$E$13,2,FALSE),IF(_xlpm.x=0,"",_xlpm.x))) | AC2: image files | AE2: Bruno Danis | AF2: Henri Robert | AG2: =IF(AE2="","",_xlfn.LET(_xlpm.x,VLOOKUP(AE2,'Drop-down_menus'!$D$2:$E$13,2,FALSE),IF(_xlpm.x=0,"",_xlpm.x))) -> https://orcid.org/0000-0002-9037-7623 | AH2: =IF(AF2="","",_xlfn.LET(_xlpm.x,VLOOKUP(AF2,'Drop-down_menus'!$D$2:$E$13,2,FALSE),IF(_xlpm.x=0,"",_xlpm.x)))
B3: 2 | C3: ROV_1 | D3: =COUNTIF(Events!$B$2:$B$171, C3) > 0 -> TRUE | E3: Media_folder | F3: Mapping Quadrat | J3: =IF(I3="","",_xlfn.LET(_xlpm.x,VLOOKUP(I3,'2026-01-09_taxon-match'!$A$2:$N$81,4,FALSE),IF(_xlpm.x=0,"",_xlpm.x))) | L3: =IF(I3="","",_xlfn.LET(_xlpm.x,VLOOKUP(I3,'2026-01-09_taxon-match'!$A$2:$N$81,3,FALSE),IF(_xlpm.x=0,"",_xlpm.x))) | M3: =IF($I3="","",_xlfn.LET(_xlpm.x,VLOOKUP($I3,'2026-01-09_taxon-match'!$A$2:$N$81,5,FALSE),IF(_xlpm.x=0,"",_xlpm.x))) | N3: =IF($I3="","",_xlfn.LET(_xlpm.x,VLOOKUP($I3,'2026-01-09_taxon-match'!$A$2:$N$81,6,FALSE),IF(_xlpm.x=0,"",_xlpm.x))) | O3: =IF($I3="","",_xlfn.LET(_xlpm.x,VLOOKUP($I3,'2026-01-09_taxon-match'!$A$2:$N$81,7,FALSE),IF(_xlpm.x=0,"",_xlpm.x))) | P3: =IF($I3="","",_xlfn.LET(_xlpm.x,VLOOKUP($I3,'2026-01-09_taxon-match'!$A$2:$N$81,8,FALSE),IF(_xlpm.x=0,"",_xlpm.x))) | Q3: =IF($I3="","",_xlfn.LET(_xlpm.x,VLOOKUP($I3,'2026-01-09_taxon-match'!$A$2:$N$81,9,FALSE),IF(_xlpm.x=0,"",_xlpm.x))) | R3: =IF($I3="","",_xlfn.LET(_xlpm.x,VLOOKUP($I3,'2026-01-09_taxon-match'!$A$2:$N$81,10,FALSE),IF(_xlpm.x=0,"",_xlpm.x))) | S3: =IF($I3="","",_xlfn.LET(_xlpm.x,VLOOKUP($I3,'2026-01-09_taxon-match'!$A$2:$N$81,11,FALSE),IF(_xlpm.x=0,"",_xlpm.x))) | T3: =IF($I3="","",_xlfn.LET(_xlpm.x,VLOOKUP($I3,'2026-01-09_taxon-match'!$A$2:$N$81,13,FALSE),IF(_xlpm.x=0,"",_xlpm.x))) | Y3: =IF(V3="","",_xlfn.LET(_xlpm.x,VLOOKUP(V3,'Drop-down_menus'!$D$2:$E$13,2,FALSE),IF(_xlpm.x=0,"",_xlpm.x))) | Z3: =IF(W3="","",_xlfn.LET(_xlpm.x,VLOOKUP(W3,'Drop-down_menus'!$D$2:$E$13,2,FALSE),IF(_xlpm.x=0,"",_xlpm.x))) | AA3: =IF(X3="","",_xlfn.LET(_xlpm.x,VLOOKUP(X3,'Drop-down_menus'!$D$2:$E$13,2,FALSE),IF(_xlpm.x=0,"",_xlpm.x))) | AC3: Folder | AD3: Pool 4 | AE3: Bruno Danis | AF3: Henri Robert | AG3: =IF(AE3="","",_xlfn.LET(_xlpm.x,VLOOKUP(AE3,'Drop-down_menus'!$D$2:$E$13,2,FALSE),IF(_xlpm.x=0,"",_xlpm.x))) -> https://orcid.org/0000-0002-9037-7623 | AH3: =IF(AF3="","",_xlfn.LET(_xlpm.x,VLOOKUP(AF3,'Drop-down_menus'!$D$2:$E$13,2,FALSE),IF(_xlpm.x=0,"",_xlpm.x)))
B4: 3 | C4: ROV_2 | D4: =COUNTIF(Events!$B$2:$B$171, C4) > 0 -> TRUE | E4: Media_folder | F4: Mapping Quadrat | J4: =IF(I4="","",_xlfn.LET(_xlpm.x,VLOOKUP(I4,'2026-01-09_taxon-match'!$A$2:$N$81,4,FALSE),IF(_xlpm.x=0,"",_xlpm.x))) | L4: =IF(I4="","",_xlfn.LET(_xlpm.x,VLOOKUP(I4,'2026-01-09_taxon-match'!$A$2:$N$81,3,FALSE),IF(_xlpm.x=0,"",_xlpm.x))) | M4: =IF($I4="","",_xlfn.LET(_xlpm.x,VLOOKUP($I4,'2026-01-09_taxon-match'!$A$2:$N$81,5,FALSE),IF(_xlpm.x=0,"",_xlpm.x))) | N4: =IF($I4="","",_xlfn.LET(_xlpm.x,VLOOKUP($I4,'2026-01-09_taxon-match'!$A$2:$N$81,6,FALSE),IF(_xlpm.x=0,"",_xlpm.x))) | O4: =IF($I4="","",_xlfn.LET(_xlpm.x,VLOOKUP($I4,'2026-01-09_taxon-match'!$A$2:$N$81,7,FALSE),IF(_xlpm.x=0,"",_xlpm.x))) | P4: =IF($I4="","",_xlfn.LET(_xlpm.x,VLOOKUP($I4,'2026-01-09_taxon-match'!$A$2:$N$81,8,FALSE),IF(_xlpm.x=0,"",_xlpm.x))) | Q4: =IF($I4="","",_xlfn.LET(_xlpm.x,VLOOKUP($I4,'2026-01-09_taxon-match'!$A$2:$N$81,9,FALSE),IF(_xlpm.x=0,"",_xlpm.x))) | R4: =IF($I4="","",_xlfn.LET(_xlpm.x,VLOOKUP($I4,'2026-01-09_taxon-match'!$A$2:$N$81,10,FALSE),IF(_xlpm.x=0,"",_xlpm.x))) | S4: =IF($I4="","",_xlfn.LET(_xlpm.x,VLOOKUP($I4,'2026-01-09_taxon-match'!$A$2:$N$81,11,FALSE),IF(_xlpm.x=0,"",_xlpm.x))) | T4: =IF($I4="","",_xlfn.LET(_xlpm.x,VLOOKUP($I4,'2026-01-09_taxon-match'!$A$2:$N$81,13,FALSE),IF(_xlpm.x=0,"",_xlpm.x))) | V4: Bruno Danis | W4: Lea Katz | Y4: =IF(V4="","",_xlfn.LET(_xlpm.x,VLOOKUP(V4,'Drop-down_menus'!$D$2:$E$13,2,FALSE),IF(_xlpm.x=0,"",_xlpm.x))) -> https://orcid.org/0000-0002-9037-7623 | Z4: =IF(W4="","",_xlfn.LET(_xlpm.x,VLOOKUP(W4,'Drop-down_menus'!$D$2:$E$13,2,FALSE),IF(_xlpm.x=0,"",_xlpm.x))) -> https://orcid.org/0000-0001-5748-602X | AA4: =IF(X4="","",_xlfn.LET(_xlpm.x,VLOOKUP(X4,'Drop-down_menus'!$D$2:$E$13,2,FALSE),IF(_xlpm.x=0,"",_xlpm.x))) | AC4: Folder | AD4: Pool 4 | AE4: Bruno Danis | AF4: Henri Robert | AG4: =IF(AE4="","",_xlfn.LET(_xlpm.x,VLOOKUP(AE4,'Drop-down_menus'!$D$2:$E$13,2,FALSE),IF(_xlpm.x=0,"",_xlpm.x))) -> https://orcid.org/0000-0002-9037-7623 | AH4: =IF(AF4="","",_xlfn.LET(_xlpm.x,VLOOKUP(AF4,'Drop-down_menus'!$D$2:$E$13,2,FALSE),IF(_xlpm.x=0,"",_xlpm.x)))
B5: 4 | C5: ROV_2 | D5: =COUNTIF(Events!$B$2:$B$171, C5) > 0 -> TRUE | E5: Media_folder | F5: Mapping Transect | J5: =IF(I5="","",_xlfn.LET(_xlpm.x,VLOOKUP(I5,'2026-01-09_taxon-match'!$A$2:$N$81,4,FALSE),IF(_xlpm.x=0,"",_xlpm.x))) | L5: =IF(I5="","",_xlfn.LET(_xlpm.x,VLOOKUP(I5,'2026-01-09_taxon-match'!$A$2:$N$81,3,FALSE),IF(_xlpm.x=0,"",_xlpm.x))) | M5: =IF($I5="","",_xlfn.LET(_xlpm.x,VLOOKUP($I5,'2026-01-09_taxon-match'!$A$2:$N$81,5,FALSE),IF(_xlpm.x=0,"",_xlpm.x))) | N5: =IF($I5="","",_xlfn.LET(_xlpm.x,VLOOKUP($I5,'2026-01-09_taxon-match'!$A$2:$N$81,6,FALSE),IF(_xlpm.x=0,"",_xlpm.x))) | O5: =IF($I5="","",_xlfn.LET(_xlpm.x,VLOOKUP($I5,'2026-01-09_taxon-match'!$A$2:$N$81,7,FALSE),IF(_xlpm.x=0,"",_xlpm.x))) | P5: =IF($I5="","",_xlfn.LET(_xlpm.x,VLOOKUP($I5,'2026-01-09_taxon-match'!$A$2:$N$81,8,FALSE),IF(_xlpm.x=0,"",_xlpm.x))) | Q5: =IF($I5="","",_xlfn.LET(_xlpm.x,VLOOKUP($I5,'2026-01-09_taxon-match'!$A$2:$N$81,9,FALSE),IF(_xlpm.x=0,"",_xlpm.x))) | R5: =IF($I5="","",_xlfn.LET(_xlpm.x,VLOOKUP($I5,'2026-01-09_taxon-match'!$A$2:$N$81,10,FALSE),IF(_xlpm.x=0,"",_xlpm.x))) | S5: =IF($I5="","",_xlfn.LET(_xlpm.x,VLOOKUP($I5,'2026-01-09_taxon-match'!$A$2:$N$81,11,FALSE),IF(_xlpm.x=0,"",_xlpm.x))) | T5: =IF($I5="","",_xlfn.LET(_xlpm.x,VLOOKUP($I5,'2026-01-09_taxon-match'!$A$2:$N$81,13,FALSE),IF(_xlpm.x=0,"",_xlpm.x))) | V5: Bruno Danis | W5: Lea Katz | Y5: =IF(V5="","",_xlfn.LET(_xlpm.x,VLOOKUP(V5,'Drop-down_menus'!$D$2:$E$13,2,FALSE),IF(_xlpm.x=0,"",_xlpm.x))) -> https://orcid.org/0000-0002-9037-7623 | Z5: =IF(W5="","",_xlfn.LET(_xlpm.x,VLOOKUP(W5,'Drop-down_menus'!$D$2:$E$13,2,FALSE),IF(_xlpm.x=0,"",_xlpm.x))) -> https://orcid.org/0000-0001-5748-602X | AA5: =IF(X5="","",_xlfn.LET(_xlpm.x,VLOOKUP(X5,'Drop-down_menus'!$D$2:$E$13,2,FALSE),IF(_xlpm.x=0,"",_xlpm.x))) | AC5: Folder | AD5: Pool 4 | AE5: Bruno Danis | AF5: Henri Robert | AG5: =IF(AE5="","",_xlfn.LET(_xlpm.x,VLOOKUP(AE5,'Drop-down_menus'!$D$2:$E$13,2,FALSE),IF(_xlpm.x=0,"",_xlpm.x))) -> https://orcid.org/0000-0002-9037-7623 | AH5: =IF(AF5="","",_xlfn.LET(_xlpm.x,VLOOKUP(AF5,'Drop-down_menus'!$D$2:$E$13,2,FALSE),IF(_xlpm.x=0,"",_xlpm.x)))
B6: 5 | C6: ROV_3 | D6: =COUNTIF(Events!$B$2:$B$171, C6) > 0 -> TRUE | E6: Media_folder | F6: Mapping Transect | J6: =IF(I6="","",_xlfn.LET(_xlpm.x,VLOOKUP(I6,'2026-01-09_taxon-match'!$A$2:$N$81,4,FALSE),IF(_xlpm.x=0,"",_xlpm.x))) | L6: =IF(I6="","",_xlfn.LET(_xlpm.x,VLOOKUP(I6,'2026-01-09_taxon-match'!$A$2:$N$81,3,FALSE),IF(_xlpm.x=0,"",_xlpm.x))) | M6: =IF($I6="","",_xlfn.LET(_xlpm.x,VLOOKUP($I6,'2026-01-09_taxon-match'!$A$2:$N$81,5,FALSE),IF(_xlpm.x=0,"",_xlpm.x))) | N6: =IF($I6="","",_xlfn.LET(_xlpm.x,VLOOKUP($I6,'2026-01-09_taxon-match'!$A$2:$N$81,6,FALSE),IF(_xlpm.x=0,"",_xlpm.x))) | O6: =IF($I6="","",_xlfn.LET(_xlpm.x,VLOOKUP($I6,'2026-01-09_taxon-match'!$A$2:$N$81,7,FALSE),IF(_xlpm.x=0,"",_xlpm.x))) | P6: =IF($I6="","",_xlfn.LET(_xlpm.x,VLOOKUP($I6,'2026-01-09_taxon-match'!$A$2:$N$81,8,FALSE),IF(_xlpm.x=0,"",_xlpm.x))) | Q6: =IF($I6="","",_xlfn.LET(_xlpm.x,VLOOKUP($I6,'2026-01-09_taxon-match'!$A$2:$N$81,9,FALSE),IF(_xlpm.x=0,"",_xlpm.x))) | R6: =IF($I6="","",_xlfn.LET(_xlpm.x,VLOOKUP($I6,'2026-01-09_taxon-match'!$A$2:$N$81,10,FALSE),IF(_xlpm.x=0,"",_xlpm.x))) | S6: =IF($I6="","",_xlfn.LET(_xlpm.x,VLOOKUP($I6,'2026-01-09_taxon-match'!$A$2:$N$81,11,FALSE),IF(_xlpm.x=0,"",_xlpm.x))) | T6: =IF($I6="","",_xlfn.LET(_xlpm.x,VLOOKUP($I6,'2026-01-09_taxon-match'!$A$2:$N$81,13,FALSE),IF(_xlpm.x=0,"",_xlpm.x))) | V6: Bruno Danis | W6: Lea Katz | Y6: =IF(V6="","",_xlfn.LET(_xlpm.x,VLOOKUP(V6,'Drop-down_menus'!$D$2:$E$13,2,FALSE),IF(_xlpm.x=0,"",_xlpm.x))) -> https://orcid.org/0000-0002-9037-7623 | Z6: =IF(W6="","",_xlfn.LET(_xlpm.x,VLOOKUP(W6,'Drop-down_menus'!$D$2:$E$13,2,FALSE),IF(_xlpm.x=0,"",_xlpm.x))) -> https://orcid.org/0000-0001-5748-602X | AA6: =IF(X6="","",_xlfn.LET(_xlpm.x,VLOOKUP(X6,'Drop-down_menus'!$D$2:$E$13,2,FALSE),IF(_xlpm.x=0,"",_xlpm.x))) | AC6: Folder | AD6: Pool 4 | AE6: Bruno Danis | AF6: Henri Robert | AG6: =IF(AE6="","",_xlfn.LET(_xlpm.x,VLOOKUP(AE6,'Drop-down_menus'!$D$2:$E$13,2,FALSE),IF(_xlpm.x=0,"",_xlpm.x))) -> https://orcid.org/0000-0002-9037-7623 | AH6: =IF(AF6="","",_xlfn.LET(_xlpm.x,VLOOKUP(AF6,'Drop-down_menus'!$D$2:$E$13,2,FALSE),IF(_xlpm.x=0,"",_xlpm.x)))
B7: 6 | C7: CTD_1 | D7: =COUNTIF(Events!$B$2:$B$171, C7) > 0 -> TRUE | E7: Media_file | F7: Conductivity - Salinity - Depth | J7: =IF(I7="","",_xlfn.LET(_xlpm.x,VLOOKUP(I7,'2026-01-09_taxon-match'!$A$2:$N$81,4,FALSE),IF(_xlpm.x=0,"",_xlpm.x))) | L7: =IF(I7="","",_xlfn.LET(_xlpm.x,VLOOKUP(I7,'2026-01-09_taxon-match'!$A$2:$N$81,3,FALSE),IF(_xlpm.x=0,"",_xlpm.x))) | M7: =IF($I7="","",_xlfn.LET(_xlpm.x,VLOOKUP($I7,'2026-01-09_taxon-match'!$A$2:$N$81,5,FALSE),IF(_xlpm.x=0,"",_xlpm.x))) | N7: =IF($I7="","",_xlfn.LET(_xlpm.x,VLOOKUP($I7,'2026-01-09_taxon-match'!$A$2:$N$81,6,FALSE),IF(_xlpm.x=0,"",_xlpm.x))) | O7: =IF($I7="","",_xlfn.LET(_xlpm.x,VLOOKUP($I7,'2026-01-09_taxon-match'!$A$2:$N$81,7,FALSE),IF(_xlpm.x=0,"",_xlpm.x))) | P7: =IF($I7="","",_xlfn.LET(_xlpm.x,VLOOKUP($I7,'2026-01-09_taxon-match'!$A$2:$N$81,8,FALSE),IF(_xlpm.x=0,"",_xlpm.x))) | Q7: =IF($I7="","",_xlfn.LET(_xlpm.x,VLOOKUP($I7,'2026-01-09_taxon-match'!$A$2:$N$81,9,FALSE),IF(_xlpm.x=0,"",_xlpm.x))) | R7: =IF($I7="","",_xlfn.LET(_xlpm.x,VLOOKUP($I7,'2026-01-09_taxon-match'!$A$2:$N$81,10,FALSE),IF(_xlpm.x=0,"",_xlpm.x))) | S7: =IF($I7="","",_xlfn.LET(_xlpm.x,VLOOKUP($I7,'2026-01-09_taxon-match'!$A$2:$N$81,11,FALSE),IF(_xlpm.x=0,"",_xlpm.x))) | T7: =IF($I7="","",_xlfn.LET(_xlpm.x,VLOOKUP($I7,'2026-01-09_taxon-match'!$A$2:$N$81,13,FALSE),IF(_xlpm.x=0,"",_xlpm.x))) | Y7: =IF(V7="","",_xlfn.LET(_xlpm.x,VLOOKUP(V7,'Drop-down_menus'!$D$2:$E$13,2,FALSE),IF(_xlpm.x=0,"",_xlpm.x))) | Z7: =IF(W7="","",_xlfn.LET(_xlpm.x,VLOOKUP(W7,'Drop-down_menus'!$D$2:$E$13,2,FALSE),IF(_xlpm.x=0,"",_xlpm.x))) | AA7: =IF(X7="","",_xlfn.LET(_xlpm.x,VLOOKUP(X7,'Drop-down_menus'!$D$2:$E$13,2,FALSE),IF(_xlpm.x=0,"",_xlpm.x))) | AE7: Bruno Danis | AF7: Henri Robert | AG7: =IF(AE7="","",_xlfn.LET(_xlpm.x,VLOOKUP(AE7,'Drop-down_menus'!$D$2:$E$13,2,FALSE),IF(_xlpm.x=0,"",_xlpm.x))) -> https://orcid.org/0000-0002-9037-7623 | AH7: =IF(AF7="","",_xlfn.LET(_xlpm.x,VLOOKUP(AF7,'Drop-down_menus'!$D$2:$E$13,2,FALSE),IF(_xlpm.x=0,"",_xlpm.x)))
B8: 7 | C8: RD_1 | D8: =COUNTIF(Events!$B$2:$B$171, C8) > 0 -> TRUE | E8: Individual | F8: Biodiversity | G8: Invertebrates | I8: Animalia | J8: =IF(I8="","",_xlfn.LET(_xlpm.x,VLOOKUP(I8,'2026-01-09_taxon-match'!$A$2:$N$81,4,FALSE),IF(_xlpm.x=0,"",_xlpm.x))) -> Animalia | L8: =IF(I8="","",_xlfn.LET(_xlpm.x,VLOOKUP(I8,'2026-01-09_taxon-match'!$A$2:$N$81,3,FALSE),IF(_xlpm.x=0,"",_xlpm.x))) -> urn:lsid:marinespecies.org:taxname:2 | M8: =IF($I8="","",_xlfn.LET(_xlpm.x,VLOOKUP($I8,'2026-01-09_taxon-match'!$A$2:$N$81,5,FALSE),IF(_xlpm.x=0,"",_xlpm.x))) | N8: =IF($I8="","",_xlfn.LET(_xlpm.x,VLOOKUP($I8,'2026-01-09_taxon-match'!$A$2:$N$81,6,FALSE),IF(_xlpm.x=0,"",_xlpm.x))) -> Animalia | O8: =IF($I8="","",_xlfn.LET(_xlpm.x,VLOOKUP($I8,'2026-01-09_taxon-match'!$A$2:$N$81,7,FALSE),IF(_xlpm.x=0,"",_xlpm.x))) | P8: =IF($I8="","",_xlfn.LET(_xlpm.x,VLOOKUP($I8,'2026-01-09_taxon-match'!$A$2:$N$81,8,FALSE),IF(_xlpm.x=0,"",_xlpm.x))) | Q8: =IF($I8="","",_xlfn.LET(_xlpm.x,VLOOKUP($I8,'2026-01-09_taxon-match'!$A$2:$N$81,9,FALSE),IF(_xlpm.x=0,"",_xlpm.x))) | R8: =IF($I8="","",_xlfn.LET(_xlpm.x,VLOOKUP($I8,'2026-01-09_taxon-match'!$A$2:$N$81,10,FALSE),IF(_xlpm.x=0,"",_xlpm.x))) | S8: =IF($I8="","",_xlfn.LET(_xlpm.x,VLOOKUP($I8,'2026-01-09_taxon-match'!$A$2:$N$81,11,FALSE),IF(_xlpm.x=0,"",_xlpm.x))) | T8: =IF($I8="","",_xlfn.LET(_xlpm.x,VLOOKUP($I8,'2026-01-09_taxon-match'!$A$2:$N$81,13,FALSE),IF(_xlpm.x=0,"",_xlpm.x))) | U8: 4 | V8: Henri Robert | W8: Camille Moreau | Y8: =IF(V8="","",_xlfn.LET(_xlpm.x,VLOOKUP(V8,'Drop-down_menus'!$D$2:$E$13,2,FALSE),IF(_xlpm.x=0,"",_xlpm.x))) | Z8: =IF(W8="","",_xlfn.LET(_xlpm.x,VLOOKUP(W8,'Drop-down_menus'!$D$2:$E$13,2,FALSE),IF(_xlpm.x=0,"",_xlpm.x))) -> https://orcid.org/0000-0002-0981-7442 | AA8: =IF(X8="","",_xlfn.LET(_xlpm.x,VLOOKUP(X8,'Drop-down_menus'!$D$2:$E$13,2,FALSE),IF(_xlpm.x=0,"",_xlpm.x))) | AB8: EtOH 70 | AC8: Kautex 500 ml | AE8: Bruno Danis | AF8: Henri Robert | AG8: =IF(AE8="","",_xlfn.LET(_xlpm.x,VLOOKUP(AE8,'Drop-down_menus'!$D$2:$E$13,2,FALSE),IF(_xlpm.x=0,"",_xlpm.x))) -> https://orcid.org/0000-0002-9037-7623 | AH8: =IF(AF8="","",_xlfn.LET(_xlpm.x,VLOOKUP(AF8,'Drop-down_menus'!$D$2:$E$13,2,FALSE),IF(_xlpm.x=0,"",_xlpm.x)))
B9: 8 | C9: RD_1 | D9: =COUNTIF(Events!$B$2:$B$171, C9) > 0 -> TRUE | E9: Individual | F9: Biodiversity | G9: Invertebrates | I9: Animalia | J9: =IF(I9="","",_xlfn.LET(_xlpm.x,VLOOKUP(I9,'2026-01-09_taxon-match'!$A$2:$N$81,4,FALSE),IF(_xlpm.x=0,"",_xlpm.x))) -> Animalia | L9: =IF(I9="","",_xlfn.LET(_xlpm.x,VLOOKUP(I9,'2026-01-09_taxon-match'!$A$2:$N$81,3,FALSE),IF(_xlpm.x=0,"",_xlpm.x))) -> urn:lsid:marinespecies.org:taxname:2 | M9: =IF($I9="","",_xlfn.LET(_xlpm.x,VLOOKUP($I9,'2026-01-09_taxon-match'!$A$2:$N$81,5,FALSE),IF(_xlpm.x=0,"",_xlpm.x))) | N9: =IF($I9="","",_xlfn.LET(_xlpm.x,VLOOKUP($I9,'2026-01-09_taxon-match'!$A$2:$N$81,6,FALSE),IF(_xlpm.x=0,"",_xlpm.x))) -> Animalia | O9: =IF($I9="","",_xlfn.LET(_xlpm.x,VLOOKUP($I9,'2026-01-09_taxon-match'!$A$2:$N$81,7,FALSE),IF(_xlpm.x=0,"",_xlpm.x))) | P9: =IF($I9="","",_xlfn.LET(_xlpm.x,VLOOKUP($I9,'2026-01-09_taxon-match'!$A$2:$N$81,8,FALSE),IF(_xlpm.x=0,"",_xlpm.x))) | Q9: =IF($I9="","",_xlfn.LET(_xlpm.x,VLOOKUP($I9,'2026-01-09_taxon-match'!$A$2:$N$81,9,FALSE),IF(_xlpm.x=0,"",_xlpm.x))) | R9: =IF($I9="","",_xlfn.LET(_xlpm.x,VLOOKUP($I9,'2026-01-09_taxon-match'!$A$2:$N$81,10,FALSE),IF(_xlpm.x=0,"",_xlpm.x))) | S9: =IF($I9="","",_xlfn.LET(_xlpm.x,VLOOKUP($I9,'2026-01-09_taxon-match'!$A$2:$N$81,11,FALSE),IF(_xlpm.x=0,"",_xlpm.x))) | T9: =IF($I9="","",_xlfn.LET(_xlpm.x,VLOOKUP($I9,'2026-01-09_taxon-match'!$A$2:$N$81,13,FALSE),IF(_xlpm.x=0,"",_xlpm.x))) | U9: 500 | V9: Henri Robert | W9: Camille Moreau | Y9: =IF(V9="","",_xlfn.LET(_xlpm.x,VLOOKUP(V9,'Drop-down_menus'!$D$2:$E$13,2,FALSE),IF(_xlpm.x=0,"",_xlpm.x))) | Z9: =IF(W9="","",_xlfn.LET(_xlpm.x,VLOOKUP(W9,'Drop-down_menus'!$D$2:$E$13,2,FALSE),IF(_xlpm.x=0,"",_xlpm.x))) -> https://orcid.org/0000-0002-0981-7442 | AA9: =IF(X9="","",_xlfn.LET(_xlpm.x,VLOOKUP(X9,'Drop-down_menus'!$D$2:$E$13,2,FALSE),IF(_xlpm.x=0,"",_xlpm.x))) | AB9: EtOH | AC9: Kautex 100 ml | AE9: Bruno Danis | AF9: Henri Robert | AG9: =IF(AE9="","",_xlfn.LET(_xlpm.x,VLOOKUP(AE9,'Drop-down_menus'!$D$2:$E$13,2,FALSE),IF(_xlpm.x=0,"",_xlpm.x))) -> https://orcid.org/0000-0002-9037-7623 | AH9: =IF(AF9="","",_xlfn.LET(_xlpm.x,VLOOKUP(AF9,'Drop-down_menus'!$D$2:$E$13,2,FALSE),IF(_xlpm.x=0,"",_xlpm.x)))
B10: 9 | C10: RD_1 | D10: =COUNTIF(Events!$B$2:$B$171, C10) > 0 -> TRUE | E10: Individual | F10: Biodiversity | G10: Invertebrates | I10: Animalia | J10: =IF(I10="","",_xlfn.LET(_xlpm.x,VLOOKUP(I10,'2026-01-09_taxon-match'!$A$2:$N$81,4,FALSE),IF(_xlpm.x=0,"",_xlpm.x))) -> Animalia | L10: =IF(I10="","",_xlfn.LET(_xlpm.x,VLOOKUP(I10,'2026-01-09_taxon-match'!$A$2:$N$81,3,FALSE),IF(_xlpm.x=0,"",_xlpm.x))) -> urn:lsid:marinespecies.org:taxname:2 | M10: =IF($I10="","",_xlfn.LET(_xlpm.x,VLOOKUP($I10,'2026-01-09_taxon-match'!$A$2:$N$81,5,FALSE),IF(_xlpm.x=0,"",_xlpm.x))) | N10: =IF($I10="","",_xlfn.LET(_xlpm.x,VLOOKUP($I10,'2026-01-09_taxon-match'!$A$2:$N$81,6,FALSE),IF(_xlpm.x=0,"",_xlpm.x))) -> Animalia | O10: =IF($I10="","",_xlfn.LET(_xlpm.x,VLOOKUP($I10,'2026-01-09_taxon-match'!$A$2:$N$81,7,FALSE),IF(_xlpm.x=0,"",_xlpm.x))) | P10: =IF($I10="","",_xlfn.LET(_xlpm.x,VLOOKUP($I10,'2026-01-09_taxon-match'!$A$2:$N$81,8,FALSE),IF(_xlpm.x=0,"",_xlpm.x))) | Q10: =IF($I10="","",_xlfn.LET(_xlpm.x,VLOOKUP($I10,'2026-01-09_taxon-match'!$A$2:$N$81,9,FALSE),IF(_xlpm.x=0,"",_xlpm.x))) | R10: =IF($I10="","",_xlfn.LET(_xlpm.x,VLOOKUP($I10,'2026-01-09_taxon-match'!$A$2:$N$81,10,FALSE),IF(_xlpm.x=0,"",_xlpm.x))) | S10: =IF($I10="","",_xlfn.LET(_xlpm.x,VLOOKUP($I10,'2026-01-09_taxon-match'!$A$2:$N$81,11,FALSE),IF(_xlpm.x=0,"",_xlpm.x))) | T10: =IF($I10="","",_xlfn.LET(_xlpm.x,VLOOKUP($I10,'2026-01-09_taxon-match'!$A$2:$N$81,13,FALSE),IF(_xlpm.x=0,"",_xlpm.x))) | U10: 15 | V10: Henri Robert | W10: Camille Moreau | Y10: =IF(V10="","",_xlfn.LET(_xlpm.x,VLOOKUP(V10,'Drop-down_menus'!$D$2:$E$13,2,FALSE),IF(_xlpm.x=0,"",_xlpm.x))) | Z10: =IF(W10="","",_xlfn.LET(_xlpm.x,VLOOKUP(W10,'Drop-down_menus'!$D$2:$E$13,2,FALSE),IF(_xlpm.x=0,"",_xlpm.x))) -> https://orcid.org/0000-0002-0981-7442 | AA10: =IF(X10="","",_xlfn.LET(_xlpm.x,VLOOKUP(X10,'Drop-down_menus'!$D$2:$E$13,2,FALSE),IF(_xlpm.x=0,"",_xlpm.x))) | AB10: EtOH | AC10: Kautex 100 ml | AE10: Bruno Danis | AF10: Henri Robert | AG10: =IF(AE10="","",_xlfn.LET(_xlpm.x,VLOOKUP(AE10,'Drop-down_menus'!$D$2:$E$13,2,FALSE),IF(_xlpm.x=0,"",_xlpm.x))) -> https://orcid.org/0000-0002-9037-7623 | AH10: =IF(AF10="","",_xlfn.LET(_xlpm.x,VLOOKUP(AF10,'Drop-down_menus'!$D$2:$E$13,2,FALSE),IF(_xlpm.x=0,"",_xlpm.x)))
B11: 10 | C11: RD_1 | D11: =COUNTIF(Events!$B$2:$B$171, C11) > 0 -> TRUE | E11: Individual | F11: Biodiversity | G11: Invertebrates | I11: Animalia | J11: =IF(I11="","",_xlfn.LET(_xlpm.x,VLOOKUP(I11,'2026-01-09_taxon-match'!$A$2:$N$81,4,FALSE),IF(_xlpm.x=0,"",_xlpm.x))) -> Animalia | L11: =IF(I11="","",_xlfn.LET(_xlpm.x,VLOOKUP(I11,'2026-01-09_taxon-match'!$A$2:$N$81,3,FALSE),IF(_xlpm.x=0,"",_xlpm.x))) -> urn:lsid:marinespecies.org:taxname:2 | M11: =IF($I11="","",_xlfn.LET(_xlpm.x,VLOOKUP($I11,'2026-01-09_taxon-match'!$A$2:$N$81,5,FALSE),IF(_xlpm.x=0,"",_xlpm.x))) | N11: =IF($I11="","",_xlfn.LET(_xlpm.x,VLOOKUP($I11,'2026-01-09_taxon-match'!$A$2:$N$81,6,FALSE),IF(_xlpm.x=0,"",_xlpm.x))) -> Animalia | O11: =IF($I11="","",_xlfn.LET(_xlpm.x,VLOOKUP($I11,'2026-01-09_taxon-match'!$A$2:$N$81,7,FALSE),IF(_xlpm.x=0,"",_xlpm.x))) | P11: =IF($I11="","",_xlfn.LET(_xlpm.x,VLOOKUP($I11,'2026-01-09_taxon-match'!$A$2:$N$81,8,FALSE),IF(_xlpm.x=0,"",_xlpm.x))) | Q11: =IF($I11="","",_xlfn.LET(_xlpm.x,VLOOKUP($I11,'2026-01-09_taxon-match'!$A$2:$N$81,9,FALSE),IF(_xlpm.x=0,"",_xlpm.x))) | R11: =IF($I11="","",_xlfn.LET(_xlpm.x,VLOOKUP($I11,'2026-01-09_taxon-match'!$A$2:$N$81,10,FALSE),IF(_xlpm.x=0,"",_xlpm.x))) | S11: =IF($I11="","",_xlfn.LET(_xlpm.x,VLOOKUP($I11,'2026-01-09_taxon-match'!$A$2:$N$81,11,FALSE),IF(_xlpm.x=0,"",_xlpm.x))) | T11: =IF($I11="","",_xlfn.LET(_xlpm.x,VLOOKUP($I11,'2026-01-09_taxon-match'!$A$2:$N$81,13,FALSE),IF(_xlpm.x=0,"",_xlpm.x))) | U11: 250 | V11: Henri Robert | W11: Camille Moreau | Y11: =IF(V11="","",_xlfn.LET(_xlpm.x,VLOOKUP(V11,'Drop-down_menus'!$D$2:$E$13,2,FALSE),IF(_xlpm.x=0,"",_xlpm.x))) | Z11: =IF(W11="","",_xlfn.LET(_xlpm.x,VLOOKUP(W11,'Drop-down_menus'!$D$2:$E$13,2,FALSE),IF(_xlpm.x=0,"",_xlpm.x))) -> https://orcid.org/0000-0002-0981-7442 | AA11: =IF(X11="","",_xlfn.LET(_xlpm.x,VLOOKUP(X11,'Drop-down_menus'!$D$2:$E$13,2,FALSE),IF(_xlpm.x=0,"",_xlpm.x))) | AB11: EtOH | AC11: Kautex 100 ml | AE11: Bruno Danis | AF11: Henri Robert | AG11: =IF(AE11="","",_xlfn.LET(_xlpm.x,VLOOKUP(AE11,'Drop-down_menus'!$D$2:$E$13,2,FALSE),IF(_xlpm.x=0,"",_xlpm.x))) -> https://orcid.org/0000-0002-9037-7623 | AH11: =IF(AF11="","",_xlfn.LET(_xlpm.x,VLOOKUP(AF11,'Drop-down_menus'!$D$2:$E$13,2,FALSE),IF(_xlpm.x=0,"",_xlpm.x)))
B12: 11 | C12: RD_1 | D12: =COUNTIF(Events!$B$2:$B$171, C12) > 0 -> TRUE | E12: Individual | F12: Biodiversity | G12: Invertebrates | I12: Animalia | J12: =IF(I12="","",_xlfn.LET(_xlpm.x,VLOOKUP(I12,'2026-01-09_taxon-match'!$A$2:$N$81,4,FALSE),IF(_xlpm.x=0,"",_xlpm.x))) -> Animalia | L12: =IF(I12="","",_xlfn.LET(_xlpm.x,VLOOKUP(I12,'2026-01-09_taxon-match'!$A$2:$N$81,3,FALSE),IF(_xlpm.x=0,"",_xlpm.x))) -> urn:lsid:marinespecies.org:taxname:2 | M12: =IF($I12="","",_xlfn.LET(_xlpm.x,VLOOKUP($I12,'2026-01-09_taxon-match'!$A$2:$N$81,5,FALSE),IF(_xlpm.x=0,"",_xlpm.x))) | N12: =IF($I12="","",_xlfn.LET(_xlpm.x,VLOOKUP($I12,'2026-01-09_taxon-match'!$A$2:$N$81,6,FALSE),IF(_xlpm.x=0,"",_xlpm.x))) -> Animalia | O12: =IF($I12="","",_xlfn.LET(_xlpm.x,VLOOKUP($I12,'2026-01-09_taxon-match'!$A$2:$N$81,7,FALSE),IF(_xlpm.x=0,"",_xlpm.x))) | P12: =IF($I12="","",_xlfn.LET(_xlpm.x,VLOOKUP($I12,'2026-01-09_taxon-match'!$A$2:$N$81,8,FALSE),IF(_xlpm.x=0,"",_xlpm.x))) | Q12: =IF($I12="","",_xlfn.LET(_xlpm.x,VLOOKUP($I12,'2026-01-09_taxon-match'!$A$2:$N$81,9,FALSE),IF(_xlpm.x=0,"",_xlpm.x))) | R12: =IF($I12="","",_xlfn.LET(_xlpm.x,VLOOKUP($I12,'2026-01-09_taxon-match'!$A$2:$N$81,10,FALSE),IF(_xlpm.x=0,"",_xlpm.x))) | S12: =IF($I12="","",_xlfn.LET(_xlpm.x,VLOOKUP($I12,'2026-01-09_taxon-match'!$A$2:$N$81,11,FALSE),IF(_xlpm.x=0,"",_xlpm.x))) | T12: =IF($I12="","",_xlfn.LET(_xlpm.x,VLOOKUP($I12,'2026-01-09_taxon-match'!$A$2:$N$81,13,FALSE),IF(_xlpm.x=0,"",_xlpm.x))) | U12: 1000 | V12: Henri Robert | W12: Camille Moreau | Y12: =IF(V12="","",_xlfn.LET(_xlpm.x,VLOOKUP(V12,'Drop-down_menus'!$D$2:$E$13,2,FALSE),IF(_xlpm.x=0,"",_xlpm.x))) | Z12: =IF(W12="","",_xlfn.LET(_xlpm.x,VLOOKUP(W12,'Drop-down_menus'!$D$2:$E$13,2,FALSE),IF(_xlpm.x=0,"",_xlpm.x))) -> https://orcid.org/0000-0002-0981-7442 | AA12: =IF(X12="","",_xlfn.LET(_xlpm.x,VLOOKUP(X12,'Drop-down_menus'!$D$2:$E$13,2,FALSE),IF(_xlpm.x=0,"",_xlpm.x))) | AB12: EtOH | AC12: Kautex 100 ml | AE12: Bruno Danis | AF12: Henri Robert | AG12: =IF(AE12="","",_xlfn.LET(_xlpm.x,VLOOKUP(AE12,'Drop-down_menus'!$D$2:$E$13,2,FALSE),IF(_xlpm.x=0,"",_xlpm.x))) -> https://orcid.org/0000-0002-9037-7623 | AH12: =IF(AF12="","",_xlfn.LET(_xlpm.x,VLOOKUP(AF12,'Drop-down_menus'!$D$2:$E$13,2,FALSE),IF(_xlpm.x=0,"",_xlpm.x)))
B13: 12 | C13: RD_2 | D13: =COUNTIF(Events!$B$2:$B$171, C13) > 0 -> TRUE | E13: Individual | F13: Biodiversity | G13: Invertebrates | I13: Animalia | J13: =IF(I13="","",_xlfn.LET(_xlpm.x,VLOOKUP(I13,'2026-01-09_taxon-match'!$A$2:$N$81,4,FALSE),IF(_xlpm.x=0,"",_xlpm.x))) -> Animalia | L13: =IF(I13="","",_xlfn.LET(_xlpm.x,VLOOKUP(I13,'2026-01-09_taxon-match'!$A$2:$N$81,3,FALSE),IF(_xlpm.x=0,"",_xlpm.x))) -> urn:lsid:marinespecies.org:taxname:2 | M13: =IF($I13="","",_xlfn.LET(_xlpm.x,VLOOKUP($I13,'2026-01-09_taxon-match'!$A$2:$N$81,5,FALSE),IF(_xlpm.x=0,"",_xlpm.x))) | N13: =IF($I13="","",_xlfn.LET(_xlpm.x,VLOOKUP($I13,'2026-01-09_taxon-match'!$A$2:$N$81,6,FALSE),IF(_xlpm.x=0,"",_xlpm.x))) -> Animalia | O13: =IF($I13="","",_xlfn.LET(_xlpm.x,VLOOKUP($I13,'2026-01-09_taxon-match'!$A$2:$N$81,7,FALSE),IF(_xlpm.x=0,"",_xlpm.x))) | P13: =IF($I13="","",_xlfn.LET(_xlpm.x,VLOOKUP($I13,'2026-01-09_taxon-match'!$A$2:$N$81,8,FALSE),IF(_xlpm.x=0,"",_xlpm.x))) | Q13: =IF($I13="","",_xlfn.LET(_xlpm.x,VLOOKUP($I13,'2026-01-09_taxon-match'!$A$2:$N$81,9,FALSE),IF(_xlpm.x=0,"",_xlpm.x))) | R13: =IF($I13="","",_xlfn.LET(_xlpm.x,VLOOKUP($I13,'2026-01-09_taxon-match'!$A$2:$N$81,10,FALSE),IF(_xlpm.x=0,"",_xlpm.x))) | S13: =IF($I13="","",_xlfn.LET(_xlpm.x,VLOOKUP($I13,'2026-01-09_taxon-match'!$A$2:$N$81,11,FALSE),IF(_xlpm.x=0,"",_xlpm.x))) | T13: =IF($I13="","",_xlfn.LET(_xlpm.x,VLOOKUP($I13,'2026-01-09_taxon-match'!$A$2:$N$81,13,FALSE),IF(_xlpm.x=0,"",_xlpm.x))) | U13: 2753 | V13: Henri Robert | Y13: =IF(V13="","",_xlfn.LET(_xlpm.x,VLOOKUP(V13,'Drop-down_menus'!$D$2:$E$13,2,FALSE),IF(_xlpm.x=0,"",_xlpm.x))) | Z13: =IF(W13="","",_xlfn.LET(_xlpm.x,VLOOKUP(W13,'Drop-down_menus'!$D$2:$E$13,2,FALSE),IF(_xlpm.x=0,"",_xlpm.x))) | AA13: =IF(X13="","",_xlfn.LET(_xlpm.x,VLOOKUP(X13,'Drop-down_menus'!$D$2:$E$13,2,FALSE),IF(_xlpm.x=0,"",_xlpm.x))) | AB13: EtOH | AC13: Brown 2 l jar | AE13: Bruno Danis | AF13: Henri Robert | AG13: =IF(AE13="","",_xlfn.LET(_xlpm.x,VLOOKUP(AE13,'Drop-down_menus'!$D$2:$E$13,2,FALSE),IF(_xlpm.x=0,"",_xlpm.x))) -> https://orcid.org/0000-0002-9037-7623 | AH13: =IF(AF13="","",_xlfn.LET(_xlpm.x,VLOOKUP(AF13,'Drop-down_menus'!$D$2:$E$13,2,FALSE),IF(_xlpm.x=0,"",_xlpm.x)))
B14: 13 | C14: RD_2 | D14: =COUNTIF(Events!$B$2:$B$171, C14) > 0 -> TRUE | E14: Individual | F14: Biodiversity | G14: Sterechinus neumayeri | I14: Sterechinus neumayeri | J14: =IF(I14="","",_xlfn.LET(_xlpm.x,VLOOKUP(I14,'2026-01-09_taxon-match'!$A$2:$N$81,4,FALSE),IF(_xlpm.x=0,"",_xlpm.x))) -> Sterechinus neumayeri | L14: =IF(I14="","",_xlfn.LET(_xlpm.x,VLOOKUP(I14,'2026-01-09_taxon-match'!$A$2:$N$81,3,FALSE),IF(_xlpm.x=0,"",_xlpm.x))) -> urn:lsid:marinespecies.org:taxname:160831 | M14: =IF($I14="","",_xlfn.LET(_xlpm.x,VLOOKUP($I14,'2026-01-09_taxon-match'!$A$2:$N$81,5,FALSE),IF(_xlpm.x=0,"",_xlpm.x))) -> (Meissner, 1900) | N14: =IF($I14="","",_xlfn.LET(_xlpm.x,VLOOKUP($I14,'2026-01-09_taxon-match'!$A$2:$N$81,6,FALSE),IF(_xlpm.x=0,"",_xlpm.x))) -> Animalia | O14: =IF($I14="","",_xlfn.LET(_xlpm.x,VLOOKUP($I14,'2026-01-09_taxon-match'!$A$2:$N$81,7,FALSE),IF(_xlpm.x=0,"",_xlpm.x))) -> Echinodermata | P14: =IF($I14="","",_xlfn.LET(_xlpm.x,VLOOKUP($I14,'2026-01-09_taxon-match'!$A$2:$N$81,8,FALSE),IF(_xlpm.x=0,"",_xlpm.x))) -> Echinoidea | Q14: =IF($I14="","",_xlfn.LET(_xlpm.x,VLOOKUP($I14,'2026-01-09_taxon-match'!$A$2:$N$81,9,FALSE),IF(_xlpm.x=0,"",_xlpm.x))) -> Camarodonta | R14: =IF($I14="","",_xlfn.LET(_xlpm.x,VLOOKUP($I14,'2026-01-09_taxon-match'!$A$2:$N$81,10,FALSE),IF(_xlpm.x=0,"",_xlpm.x))) -> Echinidae | S14: =IF($I14="","",_xlfn.LET(_xlpm.x,VLOOKUP($I14,'2026-01-09_taxon-match'!$A$2:$N$81,11,FALSE),IF(_xlpm.x=0,"",_xlpm.x))) -> Sterechinus | T14: =IF($I14="","",_xlfn.LET(_xlpm.x,VLOOKUP($I14,'2026-01-09_taxon-match'!$A$2:$N$81,13,FALSE),IF(_xlpm.x=0,"",_xlpm.x))) -> neumayeri | U14: 2 | V14: Henri Robert | Y14: =IF(V14="","",_xlfn.LET(_xlpm.x,VLOOKUP(V14,'Drop-down_menus'!$D$2:$E$13,2,FALSE),IF(_xlpm.x=0,"",_xlpm.x))) | Z14: =IF(W14="","",_xlfn.LET(_xlpm.x,VLOOKUP(W14,'Drop-down_menus'!$D$2:$E$13,2,FALSE),IF(_xlpm.x=0,"",_xlpm.x))) | AA14: =IF(X14="","",_xlfn.LET(_xlpm.x,VLOOKUP(X14,'Drop-down_menus'!$D$2:$E$13,2,FALSE),IF(_xlpm.x=0,"",_xlpm.x))) | AB14: EtOH | AC14: Kautex 500 ml | AE14: Bruno Danis | AF14: Henri Robert | AG14: =IF(AE14="","",_xlfn.LET(_xlpm.x,VLOOKUP(AE14,'Drop-down_menus'!$D$2:$E$13,2,FALSE),IF(_xlpm.x=0,"",_xlpm.x))) -> https://orcid.org/0000-0002-9037-7623 | AH14: =IF(AF14="","",_xlfn.LET(_xlpm.x,VLOOKUP(AF14,'Drop-down_menus'!$D$2:$E$13,2,FALSE),IF(_xlpm.x=0,"",_xlpm.x)))
B15: 14 | C15: RD_2 | D15: =COUNTIF(Events!$B$2:$B$171, C15) > 0 -> TRUE | E15: Individual | F15: Biodiversity | G15: Parborlasia corrugatus | I15: Parborlasia corrugatus | J15: =IF(I15="","",_xlfn.LET(_xlpm.x,VLOOKUP(I15,'2026-01-09_taxon-match'!$A$2:$N$81,4,FALSE),IF(_xlpm.x=0,"",_xlpm.x))) -> Parborlasia corrugatus | L15: =IF(I15="","",_xlfn.LET(_xlpm.x,VLOOKUP(I15,'2026-01-09_taxon-match'!$A$2:$N$81,3,FALSE),IF(_xlpm.x=0,"",_xlpm.x))) -> urn:lsid:marinespecies.org:taxname:1776775 | M15: =IF($I15="","",_xlfn.LET(_xlpm.x,VLOOKUP($I15,'2026-01-09_taxon-match'!$A$2:$N$81,5,FALSE),IF(_xlpm.x=0,"",_xlpm.x))) -> (McIntosh, 1876) | N15: =IF($I15="","",_xlfn.LET(_xlpm.x,VLOOKUP($I15,'2026-01-09_taxon-match'!$A$2:$N$81,6,FALSE),IF(_xlpm.x=0,"",_xlpm.x))) -> Animalia | O15: =IF($I15="","",_xlfn.LET(_xlpm.x,VLOOKUP($I15,'2026-01-09_taxon-match'!$A$2:$N$81,7,FALSE),IF(_xlpm.x=0,"",_xlpm.x))) -> Nemertea | P15: =IF($I15="","",_xlfn.LET(_xlpm.x,VLOOKUP($I15,'2026-01-09_taxon-match'!$A$2:$N$81,8,FALSE),IF(_xlpm.x=0,"",_xlpm.x))) -> Pilidiophora | Q15: =IF($I15="","",_xlfn.LET(_xlpm.x,VLOOKUP($I15,'2026-01-09_taxon-match'!$A$2:$N$81,9,FALSE),IF(_xlpm.x=0,"",_xlpm.x))) -> Heteronemertea | R15: =IF($I15="","",_xlfn.LET(_xlpm.x,VLOOKUP($I15,'2026-01-09_taxon-match'!$A$2:$N$81,10,FALSE),IF(_xlpm.x=0,"",_xlpm.x))) -> Lineidae | S15: =IF($I15="","",_xlfn.LET(_xlpm.x,VLOOKUP($I15,'2026-01-09_taxon-match'!$A$2:$N$81,11,FALSE),IF(_xlpm.x=0,"",_xlpm.x))) -> Parborlasia | T15: =IF($I15="","",_xlfn.LET(_xlpm.x,VLOOKUP($I15,'2026-01-09_taxon-match'!$A$2:$N$81,13,FALSE),IF(_xlpm.x=0,"",_xlpm.x))) -> corrugatus | U15: 1 | V15: Henri Robert | Y15: =IF(V15="","",_xlfn.LET(_xlpm.x,VLOOKUP(V15,'Drop-down_menus'!$D$2:$E$13,2,FALSE),IF(_xlpm.x=0,"",_xlpm.x))) | Z15: =IF(W15="","",_xlfn.LET(_xlpm.x,VLOOKUP(W15,'Drop-down_menus'!$D$2:$E$13,2,FALSE),IF(_xlpm.x=0,"",_xlpm.x))) | AA15: =IF(X15="","",_xlfn.LET(_xlpm.x,VLOOKUP(X15,'Drop-down_menus'!$D$2:$E$13,2,FALSE),IF(_xlpm.x=0,"",_xlpm.x))) | AB15: EtOH | AC15: Kautex 100 ml | AE15: Bruno Danis | AF15: Henri Robert | AG15: =IF(AE15="","",_xlfn.LET(_xlpm.x,VLOOKUP(AE15,'Drop-down_menus'!$D$2:$E$13,2,FALSE),IF(_xlpm.x=0,"",_xlpm.x))) -> https://orcid.org/0000-0002-9037-7623 | AH15: =IF(AF15="","",_xlfn.LET(_xlpm.x,VLOOKUP(AF15,'Drop-down_menus'!$D$2:$E$13,2,FALSE),IF(_xlpm.x=0,"",_xlpm.x)))
B16: 15 | C16: RD_2 | D16: =COUNTIF(Events!$B$2:$B$171, C16) > 0 -> TRUE | E16: Individual | F16: Biodiversity | G16: cfr Bovalia gigantea | I16: Bovallia | J16: =IF(I16="","",_xlfn.LET(_xlpm.x,VLOOKUP(I16,'2026-01-09_taxon-match'!$A$2:$N$81,4,FALSE),IF(_xlpm.x=0,"",_xlpm.x))) -> Bovallia | L16: =IF(I16="","",_xlfn.LET(_xlpm.x,VLOOKUP(I16,'2026-01-09_taxon-match'!$A$2:$N$81,3,FALSE),IF(_xlpm.x=0,"",_xlpm.x))) -> urn:lsid:marinespecies.org:taxname:176950 | M16: =IF($I16="","",_xlfn.LET(_xlpm.x,VLOOKUP($I16,'2026-01-09_taxon-match'!$A$2:$N$81,5,FALSE),IF(_xlpm.x=0,"",_xlpm.x))) -> Pfeffer, 1888 | N16: =IF($I16="","",_xlfn.LET(_xlpm.x,VLOOKUP($I16,'2026-01-09_taxon-match'!$A$2:$N$81,6,FALSE),IF(_xlpm.x=0,"",_xlpm.x))) -> Animalia | O16: =IF($I16="","",_xlfn.LET(_xlpm.x,VLOOKUP($I16,'2026-01-09_taxon-match'!$A$2:$N$81,7,FALSE),IF(_xlpm.x=0,"",_xlpm.x))) -> Arthropoda | P16: =IF($I16="","",_xlfn.LET(_xlpm.x,VLOOKUP($I16,'2026-01-09_taxon-match'!$A$2:$N$81,8,FALSE),IF(_xlpm.x=0,"",_xlpm.x))) -> Malacostraca | Q16: =IF($I16="","",_xlfn.LET(_xlpm.x,VLOOKUP($I16,'2026-01-09_taxon-match'!$A$2:$N$81,9,FALSE),IF(_xlpm.x=0,"",_xlpm.x))) -> Amphipoda | R16: =IF($I16="","",_xlfn.LET(_xlpm.x,VLOOKUP($I16,'2026-01-09_taxon-match'!$A$2:$N$81,10,FALSE),IF(_xlpm.x=0,"",_xlpm.x))) -> Pontogeneiidae | S16: =IF($I16="","",_xlfn.LET(_xlpm.x,VLOOKUP($I16,'2026-01-09_taxon-match'!$A$2:$N$81,11,FALSE),IF(_xlpm.x=0,"",_xlpm.x))) -> Bovallia | T16: =IF($I16="","",_xlfn.LET(_xlpm.x,VLOOKUP($I16,'2026-01-09_taxon-match'!$A$2:$N$81,13,FALSE),IF(_xlpm.x=0,"",_xlpm.x))) | U16: 1 | V16: Henri Robert | Y16: =IF(V16="","",_xlfn.LET(_xlpm.x,VLOOKUP(V16,'Drop-down_menus'!$D$2:$E$13,2,FALSE),IF(_xlpm.x=0,"",_xlpm.x))) | Z16: =IF(W16="","",_xlfn.LET(_xlpm.x,VLOOKUP(W16,'Drop-down_menus'!$D$2:$E$13,2,FALSE),IF(_xlpm.x=0,"",_xlpm.x))) | AA16: =IF(X16="","",_xlfn.LET(_xlpm.x,VLOOKUP(X16,'Drop-down_menus'!$D$2:$E$13,2,FALSE),IF(_xlpm.x=0,"",_xlpm.x))) | AB16: EtOH | AC16: Vial 5 ml | AE16: Bruno Danis | AF16: Henri Robert | AG16: =IF(AE16="","",_xlfn.LET(_xlpm.x,VLOOKUP(AE16,'Drop-down_menus'!$D$2:$E$13,2,FALSE),IF(_xlpm.x=0,"",_xlpm.x))) -> https://orcid.org/0000-0002-9037-7623 | AH16: =IF(AF16="","",_xlfn.LET(_xlpm.x,VLOOKUP(AF16,'Drop-down_menus'!$D$2:$E$13,2,FALSE),IF(_xlpm.x=0,"",_xlpm.x)))
B17: 16 | C17: RD_2 | D17: =COUNTIF(Events!$B$2:$B$171, C17) > 0 -> TRUE | E17: Individual | F17: Biodiversity | G17: Polychaeta | I17: Polychaeta | J17: =IF(I17="","",_xlfn.LET(_xlpm.x,VLOOKUP(I17,'2026-01-09_taxon-match'!$A$2:$N$81,4,FALSE),IF(_xlpm.x=0,"",_xlpm.x))) -> Polychaeta | L17: =IF(I17="","",_xlfn.LET(_xlpm.x,VLOOKUP(I17,'2026-01-09_taxon-match'!$A$2:$N$81,3,FALSE),IF(_xlpm.x=0,"",_xlpm.x))) -> urn:lsid:marinespecies.org:taxname:883 | M17: =IF($I17="","",_xlfn.LET(_xlpm.x,VLOOKUP($I17,'2026-01-09_taxon-match'!$A$2:$N$81,5,FALSE),IF(_xlpm.x=0,"",_xlpm.x))) -> Grube, 1850 | N17: =IF($I17="","",_xlfn.LET(_xlpm.x,VLOOKUP($I17,'2026-01-09_taxon-match'!$A$2:$N$81,6,FALSE),IF(_xlpm.x=0,"",_xlpm.x))) -> Animalia | O17: =IF($I17="","",_xlfn.LET(_xlpm.x,VLOOKUP($I17,'2026-01-09_taxon-match'!$A$2:$N$81,7,FALSE),IF(_xlpm.x=0,"",_xlpm.x))) -> Annelida | P17: =IF($I17="","",_xlfn.LET(_xlpm.x,VLOOKUP($I17,'2026-01-09_taxon-match'!$A$2:$N$81,8,FALSE),IF(_xlpm.x=0,"",_xlpm.x))) -> Polychaeta | Q17: =IF($I17="","",_xlfn.LET(_xlpm.x,VLOOKUP($I17,'2026-01-09_taxon-match'!$A$2:$N$81,9,FALSE),IF(_xlpm.x=0,"",_xlpm.x))) | R17: =IF($I17="","",_xlfn.LET(_xlpm.x,VLOOKUP($I17,'2026-01-09_taxon-match'!$A$2:$N$81,10,FALSE),IF(_xlpm.x=0,"",_xlpm.x))) | S17: =IF($I17="","",_xlfn.LET(_xlpm.x,VLOOKUP($I17,'2026-01-09_taxon-match'!$A$2:$N$81,11,FALSE),IF(_xlpm.x=0,"",_xlpm.x))) | T17: =IF($I17="","",_xlfn.LET(_xlpm.x,VLOOKUP($I17,'2026-01-09_taxon-match'!$A$2:$N$81,13,FALSE),IF(_xlpm.x=0,"",_xlpm.x))) | U17: 3 | V17: Henri Robert | Y17: =IF(V17="","",_xlfn.LET(_xlpm.x,VLOOKUP(V17,'Drop-down_menus'!$D$2:$E$13,2,FALSE),IF(_xlpm.x=0,"",_xlpm.x))) | Z17: =IF(W17="","",_xlfn.LET(_xlpm.x,VLOOKUP(W17,'Drop-down_menus'!$D$2:$E$13,2,FALSE),IF(_xlpm.x=0,"",_xlpm.x))) | AA17: =IF(X17="","",_xlfn.LET(_xlpm.x,VLOOKUP(X17,'Drop-down_menus'!$D$2:$E$13,2,FALSE),IF(_xlpm.x=0,"",_xlpm.x))) | AB17: EtOH | AC17: Falcon 50 ml | AE17: Bruno Danis | AF17: Henri Robert | AG17: =IF(AE17="","",_xlfn.LET(_xlpm.x,VLOOKUP(AE17,'Drop-down_menus'!$D$2:$E$13,2,FALSE),IF(_xlpm.x=0,"",_xlpm.x))) -> https://orcid.org/0000-0002-9037-7623 | AH17: =IF(AF17="","",_xlfn.LET(_xlpm.x,VLOOKUP(AF17,'Drop-down_menus'!$D$2:$E$13,2,FALSE),IF(_xlpm.x=0,"",_xlpm.x)))
B18: 17 | C18: RD_3 | D18: =COUNTIF(Events!$B$2:$B$171, C18) > 0 -> TRUE | E18: Individual | F18: Biodiversity | G18: Amphipoda | I18: Amphipoda | J18: =IF(I18="","",_xlfn.LET(_xlpm.x,VLOOKUP(I18,'2026-01-09_taxon-match'!$A$2:$N$81,4,FALSE),IF(_xlpm.x=0,"",_xlpm.x))) -> Amphipoda | L18: =IF(I18="","",_xlfn.LET(_xlpm.x,VLOOKUP(I18,'2026-01-09_taxon-match'!$A$2:$N$81,3,FALSE),IF(_xlpm.x=0,"",_xlpm.x))) -> urn:lsid:marinespecies.org:taxname:1135 | M18: =IF($I18="","",_xlfn.LET(_xlpm.x,VLOOKUP($I18,'2026-01-09_taxon-match'!$A$2:$N$81,5,FALSE),IF(_xlpm.x=0,"",_xlpm.x))) -> Latreille, 1816 | N18: =IF($I18="","",_xlfn.LET(_xlpm.x,VLOOKUP($I18,'2026-01-09_taxon-match'!$A$2:$N$81,6,FALSE),IF(_xlpm.x=0,"",_xlpm.x))) -> Animalia | O18: =IF($I18="","",_xlfn.LET(_xlpm.x,VLOOKUP($I18,'2026-01-09_taxon-match'!$A$2:$N$81,7,FALSE),IF(_xlpm.x=0,"",_xlpm.x))) -> Arthropoda | P18: =IF($I18="","",_xlfn.LET(_xlpm.x,VLOOKUP($I18,'2026-01-09_taxon-match'!$A$2:$N$81,8,FALSE),IF(_xlpm.x=0,"",_xlpm.x))) -> Malacostraca | Q18: =IF($I18="","",_xlfn.LET(_xlpm.x,VLOOKUP($I18,'2026-01-09_taxon-match'!$A$2:$N$81,9,FALSE),IF(_xlpm.x=0,"",_xlpm.x))) -> Amphipoda | R18: =IF($I18="","",_xlfn.LET(_xlpm.x,VLOOKUP($I18,'2026-01-09_taxon-match'!$A$2:$N$81,10,FALSE),IF(_xlpm.x=0,"",_xlpm.x))) | S18: =IF($I18="","",_xlfn.LET(_xlpm.x,VLOOKUP($I18,'2026-01-09_taxon-match'!$A$2:$N$81,11,FALSE),IF(_xlpm.x=0,"",_xlpm.x))) | T18: =IF($I18="","",_xlfn.LET(_xlpm.x,VLOOKUP($I18,'2026-01-09_taxon-match'!$A$2:$N$81,13,FALSE),IF(_xlpm.x=0,"",_xlpm.x))) | U18: 400 | V18: Henri Robert | Y18: =IF(V18="","",_xlfn.LET(_xlpm.x,VLOOKUP(V18,'Drop-down_menus'!$D$2:$E$13,2,FALSE),IF(_xlpm.x=0,"",_xlpm.x))) | Z18: =IF(W18="","",_xlfn.LET(_xlpm.x,VLOOKUP(W18,'Drop-down_menus'!$D$2:$E$13,2,FALSE),IF(_xlpm.x=0,"",_xlpm.x))) | AA18: =IF(X18="","",_xlfn.LET(_xlpm.x,VLOOKUP(X18,'Drop-down_menus'!$D$2:$E$13,2,FALSE),IF(_xlpm.x=0,"",_xlpm.x))) | AB18: EtOH | AC18: Kautex 500 ml | AE18: Bruno Danis | AF18: Henri Robert | AG18: =IF(AE18="","",_xlfn.LET(_xlpm.x,VLOOKUP(AE18,'Drop-down_menus'!$D$2:$E$13,2,FALSE),IF(_xlpm.x=0,"",_xlpm.x))) -> https://orcid.org/0000-0002-9037-7623 | AH18: =IF(AF18="","",_xlfn.LET(_xlpm.x,VLOOKUP(AF18,'Drop-down_menus'!$D$2:$E$13,2,FALSE),IF(_xlpm.x=0,"",_xlpm.x)))
B19: 18 | C19: SCUBA_15 | D19: =COUNTIF(Events!$B$2:$B$171, C19) > 0 -> TRUE | E19: Tissue | F19: Microbiology | G19: Porifera | I19: Porifera | J19: =IF(I19="","",_xlfn.LET(_xlpm.x,VLOOKUP(I19,'2026-01-09_taxon-match'!$A$2:$N$81,4,FALSE),IF(_xlpm.x=0,"",_xlpm.x))) -> Porifera | L19: =IF(I19="","",_xlfn.LET(_xlpm.x,VLOOKUP(I19,'2026-01-09_taxon-match'!$A$2:$N$81,3,FALSE),IF(_xlpm.x=0,"",_xlpm.x))) -> urn:lsid:marinespecies.org:taxname:558 | M19: =IF($I19="","",_xlfn.LET(_xlpm.x,VLOOKUP($I19,'2026-01-09_taxon-match'!$A$2:$N$81,5,FALSE),IF(_xlpm.x=0,"",_xlpm.x))) -> Grant, 1836 | N19: =IF($I19="","",_xlfn.LET(_xlpm.x,VLOOKUP($I19,'2026-01-09_taxon-match'!$A$2:$N$81,6,FALSE),IF(_xlpm.x=0,"",_xlpm.x))) -> Animalia | O19: =IF($I19="","",_xlfn.LET(_xlpm.x,VLOOKUP($I19,'2026-01-09_taxon-match'!$A$2:$N$81,7,FALSE),IF(_xlpm.x=0,"",_xlpm.x))) -> Porifera | P19: =IF($I19="","",_xlfn.LET(_xlpm.x,VLOOKUP($I19,'2026-01-09_taxon-match'!$A$2:$N$81,8,FALSE),IF(_xlpm.x=0,"",_xlpm.x))) | Q19: =IF($I19="","",_xlfn.LET(_xlpm.x,VLOOKUP($I19,'2026-01-09_taxon-match'!$A$2:$N$81,9,FALSE),IF(_xlpm.x=0,"",_xlpm.x))) | R19: =IF($I19="","",_xlfn.LET(_xlpm.x,VLOOKUP($I19,'2026-01-09_taxon-match'!$A$2:$N$81,10,FALSE),IF(_xlpm.x=0,"",_xlpm.x))) | S19: =IF($I19="","",_xlfn.LET(_xlpm.x,VLOOKUP($I19,'2026-01-09_taxon-match'!$A$2:$N$81,11,FALSE),IF(_xlpm.x=0,"",_xlpm.x))) | T19: =IF($I19="","",_xlfn.LET(_xlpm.x,VLOOKUP($I19,'2026-01-09_taxon-match'!$A$2:$N$81,13,FALSE),IF(_xlpm.x=0,"",_xlpm.x))) | V19: Bruno Danis | Y19: =IF(V19="","",_xlfn.LET(_xlpm.x,VLOOKUP(V19,'Drop-down_menus'!$D$2:$E$13,2,FALSE),IF(_xlpm.x=0,"",_xlpm.x))) -> https://orcid.org/0000-0002-9037-7623 | Z19: =IF(W19="","",_xlfn.LET(_xlpm.x,VLOOKUP(W19,'Drop-down_menus'!$D$2:$E$13,2,FALSE),IF(_xlpm.x=0,"",_xlpm.x))) | AA19: =IF(X19="","",_xlfn.LET(_xlpm.x,VLOOKUP(X19,'Drop-down_menus'!$D$2:$E$13,2,FALSE),IF(_xlpm.x=0,"",_xlpm.x))) | AB19: Glycerol | AC19: Eppendorf 1.5 ml | AD19: Microbiology for Isabelle George, in Bag Manon O3 | AE19: Bruno Danis | AF19: Henri Robert | AG19: =IF(AE19="","",_xlfn.LET(_xlpm.x,VLOOKUP(AE19,'Drop-down_menus'!$D$2:$E$13,2,FALSE),IF(_xlpm.x=0,"",_xlpm.x))) -> https://orcid.org/0000-0002-9037-7623 | AH19: =IF(AF19="","",_xlfn.LET(_xlpm.x,VLOOKUP(AF19,'Drop-down_menus'!$D$2:$E$13,2,FALSE),IF(_xlpm.x=0,"",_xlpm.x)))
B20: 19 | C20: DRM_1 | D20: =COUNTIF(Events!$B$2:$B$171, C20) > 0 -> TRUE | E20: Media_file | F20: Aerial Mapping | J20: =IF(I20="","",_xlfn.LET(_xlpm.x,VLOOKUP(I20,'2026-01-09_taxon-match'!$A$2:$N$81,4,FALSE),IF(_xlpm.x=0,"",_xlpm.x))) | L20: =IF(I20="","",_xlfn.LET(_xlpm.x,VLOOKUP(I20,'2026-01-09_taxon-match'!$A$2:$N$81,3,FALSE),IF(_xlpm.x=0,"",_xlpm.x))) | M20: =IF($I20="","",_xlfn.LET(_xlpm.x,VLOOKUP($I20,'2026-01-09_taxon-match'!$A$2:$N$81,5,FALSE),IF(_xlpm.x=0,"",_xlpm.x))) | N20: =IF($I20="","",_xlfn.LET(_xlpm.x,VLOOKUP($I20,'2026-01-09_taxon-match'!$A$2:$N$81,6,FALSE),IF(_xlpm.x=0,"",_xlpm.x))) | O20: =IF($I20="","",_xlfn.LET(_xlpm.x,VLOOKUP($I20,'2026-01-09_taxon-match'!$A$2:$N$81,7,FALSE),IF(_xlpm.x=0,"",_xlpm.x))) | P20: =IF($I20="","",_xlfn.LET(_xlpm.x,VLOOKUP($I20,'2026-01-09_taxon-match'!$A$2:$N$81,8,FALSE),IF(_xlpm.x=0,"",_xlpm.x))) | Q20: =IF($I20="","",_xlfn.LET(_xlpm.x,VLOOKUP($I20,'2026-01-09_taxon-match'!$A$2:$N$81,9,FALSE),IF(_xlpm.x=0,"",_xlpm.x))) | R20: =IF($I20="","",_xlfn.LET(_xlpm.x,VLOOKUP($I20,'2026-01-09_taxon-match'!$A$2:$N$81,10,FALSE),IF(_xlpm.x=0,"",_xlpm.x))) | S20: =IF($I20="","",_xlfn.LET(_xlpm.x,VLOOKUP($I20,'2026-01-09_taxon-match'!$A$2:$N$81,11,FALSE),IF(_xlpm.x=0,"",_xlpm.x))) | T20: =IF($I20="","",_xlfn.LET(_xlpm.x,VLOOKUP($I20,'2026-01-09_taxon-match'!$A$2:$N$81,13,FALSE),IF(_xlpm.x=0,"",_xlpm.x))) | V20: Bruno Danis | Y20: =IF(V20="","",_xlfn.LET(_xlpm.x,VLOOKUP(V20,'Drop-down_menus'!$D$2:$E$13,2,FALSE),IF(_xlpm.x=0,"",_xlpm.x))) -> https://orcid.org/0000-0002-9037-7623 | Z20: =IF(W20="","",_xlfn.LET(_xlpm.x,VLOOKUP(W20,'Drop-down_menus'!$D$2:$E$13,2,FALSE),IF(_xlpm.x=0,"",_xlpm.x))) | AA20: =IF(X20="","",_xlfn.LET(_xlpm.x,VLOOKUP(X20,'Drop-down_menus'!$D$2:$E$13,2,FALSE),IF(_xlpm.x=0,"",_xlpm.x))) | AC20: image files | AD20: DroneDeploy, for Photogrametry | AE20: Bruno Danis | AF20: Henri Robert | AG20: =IF(AE20="","",_xlfn.LET(_xlpm.x,VLOOKUP(AE20,'Drop-down_menus'!$D$2:$E$13,2,FALSE),IF(_xlpm.x=0,"",_xlpm.x))) -> https://orcid.org/0000-0002-9037-7623 | AH20: =IF(AF20="","",_xlfn.LET(_xlpm.x,VLOOKUP(AF20,'Drop-down_menus'!$D$2:$E$13,2,FALSE),IF(_xlpm.x=0,"",_xlpm.x)))
B21: 20 | C21: DRM_2 | D21: =COUNTIF(Events!$B$2:$B$171, C21) > 0 -> TRUE | E21: Media_file | F21: Aerial Mapping | J21: =IF(I21="","",_xlfn.LET(_xlpm.x,VLOOKUP(I21,'2026-01-09_taxon-match'!$A$2:$N$81,4,FALSE),IF(_xlpm.x=0,"",_xlpm.x))) | L21: =IF(I21="","",_xlfn.LET(_xlpm.x,VLOOKUP(I21,'2026-01-09_taxon-match'!$A$2:$N$81,3,FALSE),IF(_xlpm.x=0,"",_xlpm.x))) | M21: =IF($I21="","",_xlfn.LET(_xlpm.x,VLOOKUP($I21,'2026-01-09_taxon-match'!$A$2:$N$81,5,FALSE),IF(_xlpm.x=0,"",_xlpm.x))) | N21: =IF($I21="","",_xlfn.LET(_xlpm.x,VLOOKUP($I21,'2026-01-09_taxon-match'!$A$2:$N$81,6,FALSE),IF(_xlpm.x=0,"",_xlpm.x))) | O21: =IF($I21="","",_xlfn.LET(_xlpm.x,VLOOKUP($I21,'2026-01-09_taxon-match'!$A$2:$N$81,7,FALSE),IF(_xlpm.x=0,"",_xlpm.x))) | P21: =IF($I21="","",_xlfn.LET(_xlpm.x,VLOOKUP($I21,'2026-01-09_taxon-match'!$A$2:$N$81,8,FALSE),IF(_xlpm.x=0,"",_xlpm.x))) | Q21: =IF($I21="","",_xlfn.LET(_xlpm.x,VLOOKUP($I21,'2026-01-09_taxon-match'!$A$2:$N$81,9,FALSE),IF(_xlpm.x=0,"",_xlpm.x))) | R21: =IF($I21="","",_xlfn.LET(_xlpm.x,VLOOKUP($I21,'2026-01-09_taxon-match'!$A$2:$N$81,10,FALSE),IF(_xlpm.x=0,"",_xlpm.x))) | S21: =IF($I21="","",_xlfn.LET(_xlpm.x,VLOOKUP($I21,'2026-01-09_taxon-match'!$A$2:$N$81,11,FALSE),IF(_xlpm.x=0,"",_xlpm.x))) | T21: =IF($I21="","",_xlfn.LET(_xlpm.x,VLOOKUP($I21,'2026-01-09_taxon-match'!$A$2:$N$81,13,FALSE),IF(_xlpm.x=0,"",_xlpm.x))) | V21: Bruno Danis | Y21: =IF(V21="","",_xlfn.LET(_xlpm.x,VLOOKUP(V21,'Drop-down_menus'!$D$2:$E$13,2,FALSE),IF(_xlpm.x=0,"",_xlpm.x))) -> https://orcid.org/0000-0002-9037-7623 | Z21: =IF(W21="","",_xlfn.LET(_xlpm.x,VLOOKUP(W21,'Drop-down_menus'!$D$2:$E$13,2,FALSE),IF(_xlpm.x=0,"",_xlpm.x))) | AA21: =IF(X21="","",_xlfn.LET(_xlpm.x,VLOOKUP(X21,'Drop-down_menus'!$D$2:$E$13,2,FALSE),IF(_xlpm.x=0,"",_xlpm.x))) | AC21: image files | AD21: DroneDeploy, for Photogrametry | AE21: Bruno Danis | AF21: Henri Robert | AG21: =IF(AE21="","",_xlfn.LET(_xlpm.x,VLOOKUP(AE21,'Drop-down_menus'!$D$2:$E$13,2,FALSE),IF(_xlpm.x=0,"",_xlpm.x))) -> https://orcid.org/0000-0002-9037-7623 | AH21: =IF(AF21="","",_xlfn.LET(_xlpm.x,VLOOKUP(AF21,'Drop-down_menus'!$D$2:$E$13,2,FALSE),IF(_xlpm.x=0,"",_xlpm.x)))
B22: 24 | C22: ZZ_1 | D22: =COUNTIF(Events!$B$2:$B$171, C22) > 0 -> TRUE | E22: Individual | F22: Biodiversity | G22: Tunicata | I22: Tunicata | J22: =IF(I22="","",_xlfn.LET(_xlpm.x,VLOOKUP(I22,'2026-01-09_taxon-match'!$A$2:$N$81,4,FALSE),IF(_xlpm.x=0,"",_xlpm.x))) -> Tunicata | L22: =IF(I22="","",_xlfn.LET(_xlpm.x,VLOOKUP(I22,'2026-01-09_taxon-match'!$A$2:$N$81,3,FALSE),IF(_xlpm.x=0,"",_xlpm.x))) -> urn:lsid:marinespecies.org:taxname:146420 | M22: =IF($I22="","",_xlfn.LET(_xlpm.x,VLOOKUP($I22,'2026-01-09_taxon-match'!$A$2:$N$81,5,FALSE),IF(_xlpm.x=0,"",_xlpm.x))) -> Lamarck, 1816 | N22: =IF($I22="","",_xlfn.LET(_xlpm.x,VLOOKUP($I22,'2026-01-09_taxon-match'!$A$2:$N$81,6,FALSE),IF(_xlpm.x=0,"",_xlpm.x))) -> Animalia | O22: =IF($I22="","",_xlfn.LET(_xlpm.x,VLOOKUP($I22,'2026-01-09_taxon-match'!$A$2:$N$81,7,FALSE),IF(_xlpm.x=0,"",_xlpm.x))) -> Chordata | P22: =IF($I22="","",_xlfn.LET(_xlpm.x,VLOOKUP($I22,'2026-01-09_taxon-match'!$A$2:$N$81,8,FALSE),IF(_xlpm.x=0,"",_xlpm.x))) | Q22: =IF($I22="","",_xlfn.LET(_xlpm.x,VLOOKUP($I22,'2026-01-09_taxon-match'!$A$2:$N$81,9,FALSE),IF(_xlpm.x=0,"",_xlpm.x))) | R22: =IF($I22="","",_xlfn.LET(_xlpm.x,VLOOKUP($I22,'2026-01-09_taxon-match'!$A$2:$N$81,10,FALSE),IF(_xlpm.x=0,"",_xlpm.x))) | S22: =IF($I22="","",_xlfn.LET(_xlpm.x,VLOOKUP($I22,'2026-01-09_taxon-match'!$A$2:$N$81,11,FALSE),IF(_xlpm.x=0,"",_xlpm.x))) | T22: =IF($I22="","",_xlfn.LET(_xlpm.x,VLOOKUP($I22,'2026-01-09_taxon-match'!$A$2:$N$81,13,FALSE),IF(_xlpm.x=0,"",_xlpm.x))) | U22: 1 | V22: Camille Moreau | W22: Bruno Danis | Y22: =IF(V22="","",_xlfn.LET(_xlpm.x,VLOOKUP(V22,'Drop-down_menus'!$D$2:$E$13,2,FALSE),IF(_xlpm.x=0,"",_xlpm.x))) -> https://orcid.org/0000-0002-0981-7442 | Z22: =IF(W22="","",_xlfn.LET(_xlpm.x,VLOOKUP(W22,'Drop-down_menus'!$D$2:$E$13,2,FALSE),IF(_xlpm.x=0,"",_xlpm.x))) -> https://orcid.org/0000-0002-9037-7623 | AA22: =IF(X22="","",_xlfn.LET(_xlpm.x,VLOOKUP(X22,'Drop-down_menus'!$D$2:$E$13,2,FALSE),IF(_xlpm.x=0,"",_xlpm.x))) | AB22: EtOH | AC22: Kautex 500 ml | AD22: Opportunistic | AE22: Bruno Danis | AF22: Henri Robert | AG22: =IF(AE22="","",_xlfn.LET(_xlpm.x,VLOOKUP(AE22,'Drop-down_menus'!$D$2:$E$13,2,FALSE),IF(_xlpm.x=0,"",_xlpm.x))) -> https://orcid.org/0000-0002-9037-7623 | AH22: =IF(AF22="","",_xlfn.LET(_xlpm.x,VLOOKUP(AF22,'Drop-down_menus'!$D$2:$E$13,2,FALSE),IF(_xlpm.x=0,"",_xlpm.x)))
B23: 25 | C23: SCUBA_2 | D23: =COUNTIF(Events!$B$2:$B$171, C23) > 0 -> TRUE | E23: Individual | F23: Symbiotes analysis | G23: Sterechinus neumayeri | I23: Sterechinus neumayeri | J23: =IF(I23="","",_xlfn.LET(_xlpm.x,VLOOKUP(I23,'2026-01-09_taxon-match'!$A$2:$N$81,4,FALSE),IF(_xlpm.x=0,"",_xlpm.x))) -> Sterechinus neumayeri | L23: =IF(I23="","",_xlfn.LET(_xlpm.x,VLOOKUP(I23,'2026-01-09_taxon-match'!$A$2:$N$81,3,FALSE),IF(_xlpm.x=0,"",_xlpm.x))) -> urn:lsid:marinespecies.org:taxname:160831 | M23: =IF($I23="","",_xlfn.LET(_xlpm.x,VLOOKUP($I23,'2026-01-09_taxon-match'!$A$2:$N$81,5,FALSE),IF(_xlpm.x=0,"",_xlpm.x))) -> (Meissner, 1900) | N23: =IF($I23="","",_xlfn.LET(_xlpm.x,VLOOKUP($I23,'2026-01-09_taxon-match'!$A$2:$N$81,6,FALSE),IF(_xlpm.x=0,"",_xlpm.x))) -> Animalia | O23: =IF($I23="","",_xlfn.LET(_xlpm.x,VLOOKUP($I23,'2026-01-09_taxon-match'!$A$2:$N$81,7,FALSE),IF(_xlpm.x=0,"",_xlpm.x))) -> Echinodermata | P23: =IF($I23="","",_xlfn.LET(_xlpm.x,VLOOKUP($I23,'2026-01-09_taxon-match'!$A$2:$N$81,8,FALSE),IF(_xlpm.x=0,"",_xlpm.x))) -> Echinoidea | Q23: =IF($I23="","",_xlfn.LET(_xlpm.x,VLOOKUP($I23,'2026-01-09_taxon-match'!$A$2:$N$81,9,FALSE),IF(_xlpm.x=0,"",_xlpm.x))) -> Camarodonta | R23: =IF($I23="","",_xlfn.LET(_xlpm.x,VLOOKUP($I23,'2026-01-09_taxon-match'!$A$2:$N$81,10,FALSE),IF(_xlpm.x=0,"",_xlpm.x))) -> Echinidae | S23: =IF($I23="","",_xlfn.LET(_xlpm.x,VLOOKUP($I23,'2026-01-09_taxon-match'!$A$2:$N$81,11,FALSE),IF(_xlpm.x=0,"",_xlpm.x))) -> Sterechinus | T23: =IF($I23="","",_xlfn.LET(_xlpm.x,VLOOKUP($I23,'2026-01-09_taxon-match'!$A$2:$N$81,13,FALSE),IF(_xlpm.x=0,"",_xlpm.x))) -> neumayeri | U23: 1 | V23: Martin Dogniez | Y23: =IF(V23="","",_xlfn.LET(_xlpm.x,VLOOKUP(V23,'Drop-down_menus'!$D$2:$E$13,2,FALSE),IF(_xlpm.x=0,"",_xlpm.x))) -> https://orcid.org/0000-0002-9708-1761 | Z23: =IF(W23="","",_xlfn.LET(_xlpm.x,VLOOKUP(W23,'Drop-down_menus'!$D$2:$E$13,2,FALSE),IF(_xlpm.x=0,"",_xlpm.x))) | AA23: =IF(X23="","",_xlfn.LET(_xlpm.x,VLOOKUP(X23,'Drop-down_menus'!$D$2:$E$13,2,FALSE),IF(_xlpm.x=0,"",_xlpm.x))) | AE23: Bruno Danis | AF23: Henri Robert | AG23: =IF(AE23="","",_xlfn.LET(_xlpm.x,VLOOKUP(AE23,'Drop-down_menus'!$D$2:$E$13,2,FALSE),IF(_xlpm.x=0,"",_xlpm.x))) -> https://orcid.org/0000-0002-9037-7623 | AH23: =IF(AF23="","",_xlfn.LET(_xlpm.x,VLOOKUP(AF23,'Drop-down_menus'!$D$2:$E$13,2,FALSE),IF(_xlpm.x=0,"",_xlpm.x)))
B24: 25 | C24: SCUBA_2 | D24: =COUNTIF(Events!$B$2:$B$171, C24) > 0 -> TRUE | E24: Individual | G24: Sterechinus neumayeri | I24: Sterechinus neumayeri | J24: =IF(I24="","",_xlfn.LET(_xlpm.x,VLOOKUP(I24,'2026-01-09_taxon-match'!$A$2:$N$81,4,FALSE),IF(_xlpm.x=0,"",_xlpm.x))) -> Sterechinus neumayeri | L24: =IF(I24="","",_xlfn.LET(_xlpm.x,VLOOKUP(I24,'2026-01-09_taxon-match'!$A$2:$N$81,3,FALSE),IF(_xlpm.x=0,"",_xlpm.x))) -> urn:lsid:marinespecies.org:taxname:160831 | M24: =IF($I24="","",_xlfn.LET(_xlpm.x,VLOOKUP($I24,'2026-01-09_taxon-match'!$A$2:$N$81,5,FALSE),IF(_xlpm.x=0,"",_xlpm.x))) -> (Meissner, 1900) | N24: =IF($I24="","",_xlfn.LET(_xlpm.x,VLOOKUP($I24,'2026-01-09_taxon-match'!$A$2:$N$81,6,FALSE),IF(_xlpm.x=0,"",_xlpm.x))) -> Animalia | O24: =IF($I24="","",_xlfn.LET(_xlpm.x,VLOOKUP($I24,'2026-01-09_taxon-match'!$A$2:$N$81,7,FALSE),IF(_xlpm.x=0,"",_xlpm.x))) -> Echinodermata | P24: =IF($I24="","",_xlfn.LET(_xlpm.x,VLOOKUP($I24,'2026-01-09_taxon-match'!$A$2:$N$81,8,FALSE),IF(_xlpm.x=0,"",_xlpm.x))) -> Echinoidea | Q24: =IF($I24="","",_xlfn.LET(_xlpm.x,VLOOKUP($I24,'2026-01-09_taxon-match'!$A$2:$N$81,9,FALSE),IF(_xlpm.x=0,"",_xlpm.x))) -> Camarodonta | R24: =IF($I24="","",_xlfn.LET(_xlpm.x,VLOOKUP($I24,'2026-01-09_taxon-match'!$A$2:$N$81,10,FALSE),IF(_xlpm.x=0,"",_xlpm.x))) -> Echinidae | S24: =IF($I24="","",_xlfn.LET(_xlpm.x,VLOOKUP($I24,'2026-01-09_taxon-match'!$A$2:$N$81,11,FALSE),IF(_xlpm.x=0,"",_xlpm.x))) -> Sterechinus | T24: =IF($I24="","",_xlfn.LET(_xlpm.x,VLOOKUP($I24,'2026-01-09_taxon-match'!$A$2:$N$81,13,FALSE),IF(_xlpm.x=0,"",_xlpm.x))) -> neumayeri | V24: Camille Moreau | W24: Bruno Danis | X24: Lea Katz | Y24: =IF(V24="","",_xlfn.LET(_xlpm.x,VLOOKUP(V24,'Drop-down_menus'!$D$2:$E$13,2,FALSE),IF(_xlpm.x=0,"",_xlpm.x))) -> https://orcid.org/0000-0002-0981-7442 | Z24: =IF(W24="","",_xlfn.LET(_xlpm.x,VLOOKUP(W24,'Drop-down_menus'!$D$2:$E$13,2,FALSE),IF(_xlpm.x=0,"",_xlpm.x))) -> https://orcid.org/0000-0002-9037-7623 | AA24: =IF(X24="","",_xlfn.LET(_xlpm.x,VLOOKUP(X24,'Drop-down_menus'!$D$2:$E$13,2,FALSE),IF(_xlpm.x=0,"",_xlpm.x))) -> https://orcid.org/0000-0001-5748-602X | AB24: Dissected
B25: 26 | C25: SCUBA_2 | D25: =COUNTIF(Events!$B$2:$B$171, C25) > 0 -> TRUE | E25: Individual | F25: Symbiotes analysis | G25: Sterechinus neumayeri | I25: Sterechinus neumayeri | J25: =IF(I25="","",_xlfn.LET(_xlpm.x,VLOOKUP(I25,'2026-01-09_taxon-match'!$A$2:$N$81,4,FALSE),IF(_xlpm.x=0,"",_xlpm.x))) -> Sterechinus neumayeri | L25: =IF(I25="","",_xlfn.LET(_xlpm.x,VLOOKUP(I25,'2026-01-09_taxon-match'!$A$2:$N$81,3,FALSE),IF(_xlpm.x=0,"",_xlpm.x))) -> urn:lsid:marinespecies.org:taxname:160831 | M25: =IF($I25="","",_xlfn.LET(_xlpm.x,VLOOKUP($I25,'2026-01-09_taxon-match'!$A$2:$N$81,5,FALSE),IF(_xlpm.x=0,"",_xlpm.x))) -> (Meissner, 1900) | N25: =IF($I25="","",_xlfn.LET(_xlpm.x,VLOOKUP($I25,'2026-01-09_taxon-match'!$A$2:$N$81,6,FALSE),IF(_xlpm.x=0,"",_xlpm.x))) -> Animalia | O25: =IF($I25="","",_xlfn.LET(_xlpm.x,VLOOKUP($I25,'2026-01-09_taxon-match'!$A$2:$N$81,7,FALSE),IF(_xlpm.x=0,"",_xlpm.x))) -> Echinodermata | P25: =IF($I25="","",_xlfn.LET(_xlpm.x,VLOOKUP($I25,'2026-01-09_taxon-match'!$A$2:$N$81,8,FALSE),IF(_xlpm.x=0,"",_xlpm.x))) -> Echinoidea | Q25: =IF($I25="","",_xlfn.LET(_xlpm.x,VLOOKUP($I25,'2026-01-09_taxon-match'!$A$2:$N$81,9,FALSE),IF(_xlpm.x=0,"",_xlpm.x))) -> Camarodonta | R25: =IF($I25="","",_xlfn.LET(_xlpm.x,VLOOKUP($I25,'2026-01-09_taxon-match'!$A$2:$N$81,10,FALSE),IF(_xlpm.x=0,"",_xlpm.x))) -> Echinidae | S25: =IF($I25="","",_xlfn.LET(_xlpm.x,VLOOKUP($I25,'2026-01-09_taxon-match'!$A$2:$N$81,11,FALSE),IF(_xlpm.x=0,"",_xlpm.x))) -> Sterechinus | T25: =IF($I25="","",_xlfn.LET(_xlpm.x,VLOOKUP($I25,'2026-01-09_taxon-match'!$A$2:$N$81,13,FALSE),IF(_xlpm.x=0,"",_xlpm.x))) -> neumayeri | U25: 1 | V25: Martin Dogniez | Y25: =IF(V25="","",_xlfn.LET(_xlpm.x,VLOOKUP(V25,'Drop-down_menus'!$D$2:$E$13,2,FALSE),IF(_xlpm.x=0,"",_xlpm.x))) -> https://orcid.org/0000-0002-9708-1761 | Z25: =IF(W25="","",_xlfn.LET(_xlpm.x,VLOOKUP(W25,'Drop-down_menus'!$D$2:$E$13,2,FALSE),IF(_xlpm.x=0,"",_xlpm.x))) | AA25: =IF(X25="","",_xlfn.LET(_xlpm.x,VLOOKUP(X25,'Drop-down_menus'!$D$2:$E$13,2,FALSE),IF(_xlpm.x=0,"",_xlpm.x))) | AE25: Bruno Danis | AF25: Henri Robert | AG25: =IF(AE25="","",_xlfn.LET(_xlpm.x,VLOOKUP(AE25,'Drop-down_menus'!$D$2:$E$13,2,FALSE),IF(_xlpm.x=0,"",_xlpm.x))) -> https://orcid.org/0000-0002-9037-7623 | AH25: =IF(AF25="","",_xlfn.LET(_xlpm.x,VLOOKUP(AF25,'Drop-down_menus'!$D$2:$E$13,2,FALSE),IF(_xlpm.x=0,"",_xlpm.x)))
B26: 26 | C26: SCUBA_2 | D26: =COUNTIF(Events!$B$2:$B$171, C26) > 0 -> TRUE | E26: Individual | G26: Sterechinus neumayeri | I26: Sterechinus neumayeri | J26: =IF(I26="","",_xlfn.LET(_xlpm.x,VLOOKUP(I26,'2026-01-09_taxon-match'!$A$2:$N$81,4,FALSE),IF(_xlpm.x=0,"",_xlpm.x))) -> Sterechinus neumayeri | L26: =IF(I26="","",_xlfn.LET(_xlpm.x,VLOOKUP(I26,'2026-01-09_taxon-match'!$A$2:$N$81,3,FALSE),IF(_xlpm.x=0,"",_xlpm.x))) -> urn:lsid:marinespecies.org:taxname:160831 | M26: =IF($I26="","",_xlfn.LET(_xlpm.x,VLOOKUP($I26,'2026-01-09_taxon-match'!$A$2:$N$81,5,FALSE),IF(_xlpm.x=0,"",_xlpm.x))) -> (Meissner, 1900) | N26: =IF($I26="","",_xlfn.LET(_xlpm.x,VLOOKUP($I26,'2026-01-09_taxon-match'!$A$2:$N$81,6,FALSE),IF(_xlpm.x=0,"",_xlpm.x))) -> Animalia | O26: =IF($I26="","",_xlfn.LET(_xlpm.x,VLOOKUP($I26,'2026-01-09_taxon-match'!$A$2:$N$81,7,FALSE),IF(_xlpm.x=0,"",_xlpm.x))) -> Echinodermata | P26: =IF($I26="","",_xlfn.LET(_xlpm.x,VLOOKUP($I26,'2026-01-09_taxon-match'!$A$2:$N$81,8,FALSE),IF(_xlpm.x=0,"",_xlpm.x))) -> Echinoidea | Q26: =IF($I26="","",_xlfn.LET(_xlpm.x,VLOOKUP($I26,'2026-01-09_taxon-match'!$A$2:$N$81,9,FALSE),IF(_xlpm.x=0,"",_xlpm.x))) -> Camarodonta | R26: =IF($I26="","",_xlfn.LET(_xlpm.x,VLOOKUP($I26,'2026-01-09_taxon-match'!$A$2:$N$81,10,FALSE),IF(_xlpm.x=0,"",_xlpm.x))) -> Echinidae | S26: =IF($I26="","",_xlfn.LET(_xlpm.x,VLOOKUP($I26,'2026-01-09_taxon-match'!$A$2:$N$81,11,FALSE),IF(_xlpm.x=0,"",_xlpm.x))) -> Sterechinus | T26: =IF($I26="","",_xlfn.LET(_xlpm.x,VLOOKUP($I26,'2026-01-09_taxon-match'!$A$2:$N$81,13,FALSE),IF(_xlpm.x=0,"",_xlpm.x))) -> neumayeri | V26: Camille Moreau | W26: Bruno Danis | X26: Lea Katz | Y26: =IF(V26="","",_xlfn.LET(_xlpm.x,VLOOKUP(V26,'Drop-down_menus'!$D$2:$E$13,2,FALSE),IF(_xlpm.x=0,"",_xlpm.x))) -> https://orcid.org/0000-0002-0981-7442 | Z26: =IF(W26="","",_xlfn.LET(_xlpm.x,VLOOKUP(W26,'Drop-down_menus'!$D$2:$E$13,2,FALSE),IF(_xlpm.x=0,"",_xlpm.x))) -> https://orcid.org/0000-0002-9037-7623 | AA26: =IF(X26="","",_xlfn.LET(_xlpm.x,VLOOKUP(X26,'Drop-down_menus'!$D$2:$E$13,2,FALSE),IF(_xlpm.x=0,"",_xlpm.x))) -> https://orcid.org/0000-0001-5748-602X
B27: 27 | C27: SCUBA_2 | D27: =COUNTIF(Events!$B$2:$B$171, C27) > 0 -> TRUE | E27: Individual | F27: Symbiotes analysis | G27: Sterechinus neumayeri | I27: Sterechinus neumayeri | J27: =IF(I27="","",_xlfn.LET(_xlpm.x,VLOOKUP(I27,'2026-01-09_taxon-match'!$A$2:$N$81,4,FALSE),IF(_xlpm.x=0,"",_xlpm.x))) -> Sterechinus neumayeri | L27: =IF(I27="","",_xlfn.LET(_xlpm.x,VLOOKUP(I27,'2026-01-09_taxon-match'!$A$2:$N$81,3,FALSE),IF(_xlpm.x=0,"",_xlpm.x))) -> urn:lsid:marinespecies.org:taxname:160831 | M27: =IF($I27="","",_xlfn.LET(_xlpm.x,VLOOKUP($I27,'2026-01-09_taxon-match'!$A$2:$N$81,5,FALSE),IF(_xlpm.x=0,"",_xlpm.x))) -> (Meissner, 1900) | N27: =IF($I27="","",_xlfn.LET(_xlpm.x,VLOOKUP($I27,'2026-01-09_taxon-match'!$A$2:$N$81,6,FALSE),IF(_xlpm.x=0,"",_xlpm.x))) -> Animalia | O27: =IF($I27="","",_xlfn.LET(_xlpm.x,VLOOKUP($I27,'2026-01-09_taxon-match'!$A$2:$N$81,7,FALSE),IF(_xlpm.x=0,"",_xlpm.x))) -> Echinodermata | P27: =IF($I27="","",_xlfn.LET(_xlpm.x,VLOOKUP($I27,'2026-01-09_taxon-match'!$A$2:$N$81,8,FALSE),IF(_xlpm.x=0,"",_xlpm.x))) -> Echinoidea | Q27: =IF($I27="","",_xlfn.LET(_xlpm.x,VLOOKUP($I27,'2026-01-09_taxon-match'!$A$2:$N$81,9,FALSE),IF(_xlpm.x=0,"",_xlpm.x))) -> Camarodonta | R27: =IF($I27="","",_xlfn.LET(_xlpm.x,VLOOKUP($I27,'2026-01-09_taxon-match'!$A$2:$N$81,10,FALSE),IF(_xlpm.x=0,"",_xlpm.x))) -> Echinidae | S27: =IF($I27="","",_xlfn.LET(_xlpm.x,VLOOKUP($I27,'2026-01-09_taxon-match'!$A$2:$N$81,11,FALSE),IF(_xlpm.x=0,"",_xlpm.x))) -> Sterechinus | T27: =IF($I27="","",_xlfn.LET(_xlpm.x,VLOOKUP($I27,'2026-01-09_taxon-match'!$A$2:$N$81,13,FALSE),IF(_xlpm.x=0,"",_xlpm.x))) -> neumayeri | U27: 1 | V27: Martin Dogniez | Y27: =IF(V27="","",_xlfn.LET(_xlpm.x,VLOOKUP(V27,'Drop-down_menus'!$D$2:$E$13,2,FALSE),IF(_xlpm.x=0,"",_xlpm.x))) -> https://orcid.org/0000-0002-9708-1761 | Z27: =IF(W27="","",_xlfn.LET(_xlpm.x,VLOOKUP(W27,'Drop-down_menus'!$D$2:$E$13,2,FALSE),IF(_xlpm.x=0,"",_xlpm.x))) | AA27: =IF(X27="","",_xlfn.LET(_xlpm.x,VLOOKUP(X27,'Drop-down_menus'!$D$2:$E$13,2,FALSE),IF(_xlpm.x=0,"",_xlpm.x))) | AE27: Bruno Danis | AF27: Henri Robert | AG27: =IF(AE27="","",_xlfn.LET(_xlpm.x,VLOOKUP(AE27,'Drop-down_menus'!$D$2:$E$13,2,FALSE),IF(_xlpm.x=0,"",_xlpm.x))) -> https://orcid.org/0000-0002-9037-7623 | AH27: =IF(AF27="","",_xlfn.LET(_xlpm.x,VLOOKUP(AF27,'Drop-down_menus'!$D$2:$E$13,2,FALSE),IF(_xlpm.x=0,"",_xlpm.x)))
B28: 27 | C28: SCUBA_2 | D28: =COUNTIF(Events!$B$2:$B$171, C28) > 0 -> TRUE | E28: Individual | G28: Sterechinus neumayeri | I28: Sterechinus neumayeri | J28: =IF(I28="","",_xlfn.LET(_xlpm.x,VLOOKUP(I28,'2026-01-09_taxon-match'!$A$2:$N$81,4,FALSE),IF(_xlpm.x=0,"",_xlpm.x))) -> Sterechinus neumayeri | L28: =IF(I28="","",_xlfn.LET(_xlpm.x,VLOOKUP(I28,'2026-01-09_taxon-match'!$A$2:$N$81,3,FALSE),IF(_xlpm.x=0,"",_xlpm.x))) -> urn:lsid:marinespecies.org:taxname:160831 | M28: =IF($I28="","",_xlfn.LET(_xlpm.x,VLOOKUP($I28,'2026-01-09_taxon-match'!$A$2:$N$81,5,FALSE),IF(_xlpm.x=0,"",_xlpm.x))) -> (Meissner, 1900) | N28: =IF($I28="","",_xlfn.LET(_xlpm.x,VLOOKUP($I28,'2026-01-09_taxon-match'!$A$2:$N$81,6,FALSE),IF(_xlpm.x=0,"",_xlpm.x))) -> Animalia | O28: =IF($I28="","",_xlfn.LET(_xlpm.x,VLOOKUP($I28,'2026-01-09_taxon-match'!$A$2:$N$81,7,FALSE),IF(_xlpm.x=0,"",_xlpm.x))) -> Echinodermata | P28: =IF($I28="","",_xlfn.LET(_xlpm.x,VLOOKUP($I28,'2026-01-09_taxon-match'!$A$2:$N$81,8,FALSE),IF(_xlpm.x=0,"",_xlpm.x))) -> Echinoidea | Q28: =IF($I28="","",_xlfn.LET(_xlpm.x,VLOOKUP($I28,'2026-01-09_taxon-match'!$A$2:$N$81,9,FALSE),IF(_xlpm.x=0,"",_xlpm.x))) -> Camarodonta | R28: =IF($I28="","",_xlfn.LET(_xlpm.x,VLOOKUP($I28,'2026-01-09_taxon-match'!$A$2:$N$81,10,FALSE),IF(_xlpm.x=0,"",_xlpm.x))) -> Echinidae | S28: =IF($I28="","",_xlfn.LET(_xlpm.x,VLOOKUP($I28,'2026-01-09_taxon-match'!$A$2:$N$81,11,FALSE),IF(_xlpm.x=0,"",_xlpm.x))) -> Sterechinus | T28: =IF($I28="","",_xlfn.LET(_xlpm.x,VLOOKUP($I28,'2026-01-09_taxon-match'!$A$2:$N$81,13,FALSE),IF(_xlpm.x=0,"",_xlpm.x))) -> neumayeri | V28: Camille Moreau | W28: Bruno Danis | X28: Lea Katz | Y28: =IF(V28="","",_xlfn.LET(_xlpm.x,VLOOKUP(V28,'Drop-down_menus'!$D$2:$E$13,2,FALSE),IF(_xlpm.x=0,"",_xlpm.x))) -> https://orcid.org/0000-0002-0981-7442 | Z28: =IF(W28="","",_xlfn.LET(_xlpm.x,VLOOKUP(W28,'Drop-down_menus'!$D$2:$E$13,2,FALSE),IF(_xlpm.x=0,"",_xlpm.x))) -> https://orcid.org/0000-0002-9037-7623 | AA28: =IF(X28="","",_xlfn.LET(_xlpm.x,VLOOKUP(X28,'Drop-down_menus'!$D$2:$E$13,2,FALSE),IF(_xlpm.x=0,"",_xlpm.x))) -> https://orcid.org/0000-0001-5748-602X
B29: 28 | C29: SCUBA_2 | D29: =COUNTIF(Events!$B$2:$B$171, C29) > 0 -> TRUE | E29: Individual | F29: Symbiotes analysis | G29: Sterechinus neumayeri | I29: Sterechinus neumayeri | J29: =IF(I29="","",_xlfn.LET(_xlpm.x,VLOOKUP(I29,'2026-01-09_taxon-match'!$A$2:$N$81,4,FALSE),IF(_xlpm.x=0,"",_xlpm.x))) -> Sterechinus neumayeri | L29: =IF(I29="","",_xlfn.LET(_xlpm.x,VLOOKUP(I29,'2026-01-09_taxon-match'!$A$2:$N$81,3,FALSE),IF(_xlpm.x=0,"",_xlpm.x))) -> urn:lsid:marinespecies.org:taxname:160831 | M29: =IF($I29="","",_xlfn.LET(_xlpm.x,VLOOKUP($I29,'2026-01-09_taxon-match'!$A$2:$N$81,5,FALSE),IF(_xlpm.x=0,"",_xlpm.x))) -> (Meissner, 1900) | N29: =IF($I29="","",_xlfn.LET(_xlpm.x,VLOOKUP($I29,'2026-01-09_taxon-match'!$A$2:$N$81,6,FALSE),IF(_xlpm.x=0,"",_xlpm.x))) -> Animalia | O29: =IF($I29="","",_xlfn.LET(_xlpm.x,VLOOKUP($I29,'2026-01-09_taxon-match'!$A$2:$N$81,7,FALSE),IF(_xlpm.x=0,"",_xlpm.x))) -> Echinodermata | P29: =IF($I29="","",_xlfn.LET(_xlpm.x,VLOOKUP($I29,'2026-01-09_taxon-match'!$A$2:$N$81,8,FALSE),IF(_xlpm.x=0,"",_xlpm.x))) -> Echinoidea | Q29: =IF($I29="","",_xlfn.LET(_xlpm.x,VLOOKUP($I29,'2026-01-09_taxon-match'!$A$2:$N$81,9,FALSE),IF(_xlpm.x=0,"",_xlpm.x))) -> Camarodonta | R29: =IF($I29="","",_xlfn.LET(_xlpm.x,VLOOKUP($I29,'2026-01-09_taxon-match'!$A$2:$N$81,10,FALSE),IF(_xlpm.x=0,"",_xlpm.x))) -> Echinidae | S29: =IF($I29="","",_xlfn.LET(_xlpm.x,VLOOKUP($I29,'2026-01-09_taxon-match'!$A$2:$N$81,11,FALSE),IF(_xlpm.x=0,"",_xlpm.x))) -> Sterechinus | T29: =IF($I29="","",_xlfn.LET(_xlpm.x,VLOOKUP($I29,'2026-01-09_taxon-match'!$A$2:$N$81,13,FALSE),IF(_xlpm.x=0,"",_xlpm.x))) -> neumayeri | U29: 1 | V29: Martin Dogniez | Y29: =IF(V29="","",_xlfn.LET(_xlpm.x,VLOOKUP(V29,'Drop-down_menus'!$D$2:$E$13,2,FALSE),IF(_xlpm.x=0,"",_xlpm.x))) -> https://orcid.org/0000-0002-9708-1761 | Z29: =IF(W29="","",_xlfn.LET(_xlpm.x,VLOOKUP(W29,'Drop-down_menus'!$D$2:$E$13,2,FALSE),IF(_xlpm.x=0,"",_xlpm.x))) | AA29: =IF(X29="","",_xlfn.LET(_xlpm.x,VLOOKUP(X29,'Drop-down_menus'!$D$2:$E$13,2,FALSE),IF(_xlpm.x=0,"",_xlpm.x))) | AE29: Bruno Danis | AF29: Henri Robert | AG29: =IF(AE29="","",_xlfn.LET(_xlpm.x,VLOOKUP(AE29,'Drop-down_menus'!$D$2:$E$13,2,FALSE),IF(_xlpm.x=0,"",_xlpm.x))) -> https://orcid.org/0000-0002-9037-7623 | AH29: =IF(AF29="","",_xlfn.LET(_xlpm.x,VLOOKUP(AF29,'Drop-down_menus'!$D$2:$E$13,2,FALSE),IF(_xlpm.x=0,"",_xlpm.x)))
B30: 28 | C30: SCUBA_2 | D30: =COUNTIF(Events!$B$2:$B$171, C30) > 0 -> TRUE | E30: Individual | G30: Sterechinus neumayeri | I30: Sterechinus neumayeri | J30: =IF(I30="","",_xlfn.LET(_xlpm.x,VLOOKUP(I30,'2026-01-09_taxon-match'!$A$2:$N$81,4,FALSE),IF(_xlpm.x=0,"",_xlpm.x))) -> Sterechinus neumayeri | L30: =IF(I30="","",_xlfn.LET(_xlpm.x,VLOOKUP(I30,'2026-01-09_taxon-match'!$A$2:$N$81,3,FALSE),IF(_xlpm.x=0,"",_xlpm.x))) -> urn:lsid:marinespecies.org:taxname:160831 | M30: =IF($I30="","",_xlfn.LET(_xlpm.x,VLOOKUP($I30,'2026-01-09_taxon-match'!$A$2:$N$81,5,FALSE),IF(_xlpm.x=0,"",_xlpm.x))) -> (Meissner, 1900) | N30: =IF($I30="","",_xlfn.LET(_xlpm.x,VLOOKUP($I30,'2026-01-09_taxon-match'!$A$2:$N$81,6,FALSE),IF(_xlpm.x=0,"",_xlpm.x))) -> Animalia | O30: =IF($I30="","",_xlfn.LET(_xlpm.x,VLOOKUP($I30,'2026-01-09_taxon-match'!$A$2:$N$81,7,FALSE),IF(_xlpm.x=0,"",_xlpm.x))) -> Echinodermata | P30: =IF($I30="","",_xlfn.LET(_xlpm.x,VLOOKUP($I30,'2026-01-09_taxon-match'!$A$2:$N$81,8,FALSE),IF(_xlpm.x=0,"",_xlpm.x))) -> Echinoidea | Q30: =IF($I30="","",_xlfn.LET(_xlpm.x,VLOOKUP($I30,'2026-01-09_taxon-match'!$A$2:$N$81,9,FALSE),IF(_xlpm.x=0,"",_xlpm.x))) -> Camarodonta | R30: =IF($I30="","",_xlfn.LET(_xlpm.x,VLOOKUP($I30,'2026-01-09_taxon-match'!$A$2:$N$81,10,FALSE),IF(_xlpm.x=0,"",_xlpm.x))) -> Echinidae | S30: =IF($I30="","",_xlfn.LET(_xlpm.x,VLOOKUP($I30,'2026-01-09_taxon-match'!$A$2:$N$81,11,FALSE),IF(_xlpm.x=0,"",_xlpm.x))) -> Sterechinus | T30: =IF($I30="","",_xlfn.LET(_xlpm.x,VLOOKUP($I30,'2026-01-09_taxon-match'!$A$2:$N$81,13,FALSE),IF(_xlpm.x=0,"",_xlpm.x))) -> neumayeri | V30: Camille Moreau | W30: Bruno Danis | X30: Lea Katz | Y30: =IF(V30="","",_xlfn.LET(_xlpm.x,VLOOKUP(V30,'Drop-down_menus'!$D$2:$E$13,2,FALSE),IF(_xlpm.x=0,"",_xlpm.x))) -> https://orcid.org/0000-0002-0981-7442 | Z30: =IF(W30="","",_xlfn.LET(_xlpm.x,VLOOKUP(W30,'Drop-down_menus'!$D$2:$E$13,2,FALSE),IF(_xlpm.x=0,"",_xlpm.x))) -> https://orcid.org/0000-0002-9037-7623 | AA30: =IF(X30="","",_xlfn.LET(_xlpm.x,VLOOKUP(X30,'Drop-down_menus'!$D$2:$E$13,2,FALSE),IF(_xlpm.x=0,"",_xlpm.x))) -> https://orcid.org/0000-0001-5748-602X
B31: 29 | C31: SCUBA_2 | D31: =COUNTIF(Events!$B$2:$B$171, C31) > 0 -> TRUE | E31: Individual | F31: Symbiotes analysis | G31: Sterechinus neumayeri | I31: Sterechinus neumayeri | J31: =IF(I31="","",_xlfn.LET(_xlpm.x,VLOOKUP(I31,'2026-01-09_taxon-match'!$A$2:$N$81,4,FALSE),IF(_xlpm.x=0,"",_xlpm.x))) -> Sterechinus neumayeri | L31: =IF(I31="","",_xlfn.LET(_xlpm.x,VLOOKUP(I31,'2026-01-09_taxon-match'!$A$2:$N$81,3,FALSE),IF(_xlpm.x=0,"",_xlpm.x))) -> urn:lsid:marinespecies.org:taxname:160831 | M31: =IF($I31="","",_xlfn.LET(_xlpm.x,VLOOKUP($I31,'2026-01-09_taxon-match'!$A$2:$N$81,5,FALSE),IF(_xlpm.x=0,"",_xlpm.x))) -> (Meissner, 1900) | N31: =IF($I31="","",_xlfn.LET(_xlpm.x,VLOOKUP($I31,'2026-01-09_taxon-match'!$A$2:$N$81,6,FALSE),IF(_xlpm.x=0,"",_xlpm.x))) -> Animalia | O31: =IF($I31="","",_xlfn.LET(_xlpm.x,VLOOKUP($I31,'2026-01-09_taxon-match'!$A$2:$N$81,7,FALSE),IF(_xlpm.x=0,"",_xlpm.x))) -> Echinodermata | P31: =IF($I31="","",_xlfn.LET(_xlpm.x,VLOOKUP($I31,'2026-01-09_taxon-match'!$A$2:$N$81,8,FALSE),IF(_xlpm.x=0,"",_xlpm.x))) -> Echinoidea | Q31: =IF($I31="","",_xlfn.LET(_xlpm.x,VLOOKUP($I31,'2026-01-09_taxon-match'!$A$2:$N$81,9,FALSE),IF(_xlpm.x=0,"",_xlpm.x))) -> Camarodonta | R31: =IF($I31="","",_xlfn.LET(_xlpm.x,VLOOKUP($I31,'2026-01-09_taxon-match'!$A$2:$N$81,10,FALSE),IF(_xlpm.x=0,"",_xlpm.x))) -> Echinidae | S31: =IF($I31="","",_xlfn.LET(_xlpm.x,VLOOKUP($I31,'2026-01-09_taxon-match'!$A$2:$N$81,11,FALSE),IF(_xlpm.x=0,"",_xlpm.x))) -> Sterechinus | T31: =IF($I31="","",_xlfn.LET(_xlpm.x,VLOOKUP($I31,'2026-01-09_taxon-match'!$A$2:$N$81,13,FALSE),IF(_xlpm.x=0,"",_xlpm.x))) -> neumayeri | U31: 1 | V31: Martin Dogniez | Y31: =IF(V31="","",_xlfn.LET(_xlpm.x,VLOOKUP(V31,'Drop-down_menus'!$D$2:$E$13,2,FALSE),IF(_xlpm.x=0,"",_xlpm.x))) -> https://orcid.org/0000-0002-9708-1761 | Z31: =IF(W31="","",_xlfn.LET(_xlpm.x,VLOOKUP(W31,'Drop-down_menus'!$D$2:$E$13,2,FALSE),IF(_xlpm.x=0,"",_xlpm.x))) | AA31: =IF(X31="","",_xlfn.LET(_xlpm.x,VLOOKUP(X31,'Drop-down_menus'!$D$2:$E$13,2,FALSE),IF(_xlpm.x=0,"",_xlpm.x))) | AE31: Bruno Danis | AF31: Henri Robert | AG31: =IF(AE31="","",_xlfn.LET(_xlpm.x,VLOOKUP(AE31,'Drop-down_menus'!$D$2:$E$13,2,FALSE),IF(_xlpm.x=0,"",_xlpm.x))) -> https://orcid.org/0000-0002-9037-7623 | AH31: =IF(AF31="","",_xlfn.LET(_xlpm.x,VLOOKUP(AF31,'Drop-down_menus'!$D$2:$E$13,2,FALSE),IF(_xlpm.x=0,"",_xlpm.x)))
B32: 29 | C32: SCUBA_2 | D32: =COUNTIF(Events!$B$2:$B$171, C32) > 0 -> TRUE | E32: Individual | G32: Sterechinus neumayeri | I32: Sterechinus neumayeri | J32: =IF(I32="","",_xlfn.LET(_xlpm.x,VLOOKUP(I32,'2026-01-09_taxon-match'!$A$2:$N$81,4,FALSE),IF(_xlpm.x=0,"",_xlpm.x))) -> Sterechinus neumayeri | L32: =IF(I32="","",_xlfn.LET(_xlpm.x,VLOOKUP(I32,'2026-01-09_taxon-match'!$A$2:$N$81,3,FALSE),IF(_xlpm.x=0,"",_xlpm.x))) -> urn:lsid:marinespecies.org:taxname:160831 | M32: =IF($I32="","",_xlfn.LET(_xlpm.x,VLOOKUP($I32,'2026-01-09_taxon-match'!$A$2:$N$81,5,FALSE),IF(_xlpm.x=0,"",_xlpm.x))) -> (Meissner, 1900) | N32: =IF($I32="","",_xlfn.LET(_xlpm.x,VLOOKUP($I32,'2026-01-09_taxon-match'!$A$2:$N$81,6,FALSE),IF(_xlpm.x=0,"",_xlpm.x))) -> Animalia | O32: =IF($I32="","",_xlfn.LET(_xlpm.x,VLOOKUP($I32,'2026-01-09_taxon-match'!$A$2:$N$81,7,FALSE),IF(_xlpm.x=0,"",_xlpm.x))) -> Echinodermata | P32: =IF($I32="","",_xlfn.LET(_xlpm.x,VLOOKUP($I32,'2026-01-09_taxon-match'!$A$2:$N$81,8,FALSE),IF(_xlpm.x=0,"",_xlpm.x))) -> Echinoidea | Q32: =IF($I32="","",_xlfn.LET(_xlpm.x,VLOOKUP($I32,'2026-01-09_taxon-match'!$A$2:$N$81,9,FALSE),IF(_xlpm.x=0,"",_xlpm.x))) -> Camarodonta | R32: =IF($I32="","",_xlfn.LET(_xlpm.x,VLOOKUP($I32,'2026-01-09_taxon-match'!$A$2:$N$81,10,FALSE),IF(_xlpm.x=0,"",_xlpm.x))) -> Echinidae | S32: =IF($I32="","",_xlfn.LET(_xlpm.x,VLOOKUP($I32,'2026-01-09_taxon-match'!$A$2:$N$81,11,FALSE),IF(_xlpm.x=0,"",_xlpm.x))) -> Sterechinus | T32: =IF($I32="","",_xlfn.LET(_xlpm.x,VLOOKUP($I32,'2026-01-09_taxon-match'!$A$2:$N$81,13,FALSE),IF(_xlpm.x=0,"",_xlpm.x))) -> neumayeri | V32: Camille Moreau | W32: Bruno Danis | X32: Lea Katz | Y32: =IF(V32="","",_xlfn.LET(_xlpm.x,VLOOKUP(V32,'Drop-down_menus'!$D$2:$E$13,2,FALSE),IF(_xlpm.x=0,"",_xlpm.x))) -> https://orcid.org/0000-0002-0981-7442 | Z32: =IF(W32="","",_xlfn.LET(_xlpm.x,VLOOKUP(W32,'Drop-down_menus'!$D$2:$E$13,2,FALSE),IF(_xlpm.x=0,"",_xlpm.x))) -> https://orcid.org/0000-0002-9037-7623 | AA32: =IF(X32="","",_xlfn.LET(_xlpm.x,VLOOKUP(X32,'Drop-down_menus'!$D$2:$E$13,2,FALSE),IF(_xlpm.x=0,"",_xlpm.x))) -> https://orcid.org/0000-0001-5748-602X
B33: 30 | C33: SCUBA_2 | D33: =COUNTIF(Events!$B$2:$B$171, C33) > 0 -> TRUE | E33: Individual | F33: Symbiotes analysis | G33: Sterechinus neumayeri | I33: Sterechinus neumayeri | J33: =IF(I33="","",_xlfn.LET(_xlpm.x,VLOOKUP(I33,'2026-01-09_taxon-match'!$A$2:$N$81,4,FALSE),IF(_xlpm.x=0,"",_xlpm.x))) -> Sterechinus neumayeri | L33: =IF(I33="","",_xlfn.LET(_xlpm.x,VLOOKUP(I33,'2026-01-09_taxon-match'!$A$2:$N$81,3,FALSE),IF(_xlpm.x=0,"",_xlpm.x))) -> urn:lsid:marinespecies.org:taxname:160831 | M33: =IF($I33="","",_xlfn.LET(_xlpm.x,VLOOKUP($I33,'2026-01-09_taxon-match'!$A$2:$N$81,5,FALSE),IF(_xlpm.x=0,"",_xlpm.x))) -> (Meissner, 1900) | N33: =IF($I33="","",_xlfn.LET(_xlpm.x,VLOOKUP($I33,'2026-01-09_taxon-match'!$A$2:$N$81,6,FALSE),IF(_xlpm.x=0,"",_xlpm.x))) -> Animalia | O33: =IF($I33="","",_xlfn.LET(_xlpm.x,VLOOKUP($I33,'2026-01-09_taxon-match'!$A$2:$N$81,7,FALSE),IF(_xlpm.x=0,"",_xlpm.x))) -> Echinodermata | P33: =IF($I33="","",_xlfn.LET(_xlpm.x,VLOOKUP($I33,'2026-01-09_taxon-match'!$A$2:$N$81,8,FALSE),IF(_xlpm.x=0,"",_xlpm.x))) -> Echinoidea | Q33: =IF($I33="","",_xlfn.LET(_xlpm.x,VLOOKUP($I33,'2026-01-09_taxon-match'!$A$2:$N$81,9,FALSE),IF(_xlpm.x=0,"",_xlpm.x))) -> Camarodonta | R33: =IF($I33="","",_xlfn.LET(_xlpm.x,VLOOKUP($I33,'2026-01-09_taxon-match'!$A$2:$N$81,10,FALSE),IF(_xlpm.x=0,"",_xlpm.x))) -> Echinidae | S33: =IF($I33="","",_xlfn.LET(_xlpm.x,VLOOKUP($I33,'2026-01-09_taxon-match'!$A$2:$N$81,11,FALSE),IF(_xlpm.x=0,"",_xlpm.x))) -> Sterechinus | T33: =IF($I33="","",_xlfn.LET(_xlpm.x,VLOOKUP($I33,'2026-01-09_taxon-match'!$A$2:$N$81,13,FALSE),IF(_xlpm.x=0,"",_xlpm.x))) -> neumayeri | U33: 1 | V33: Martin Dogniez | Y33: =IF(V33="","",_xlfn.LET(_xlpm.x,VLOOKUP(V33,'Drop-down_menus'!$D$2:$E$13,2,FALSE),IF(_xlpm.x=0,"",_xlpm.x))) -> https://orcid.org/0000-0002-9708-1761 | Z33: =IF(W33="","",_xlfn.LET(_xlpm.x,VLOOKUP(W33,'Drop-down_menus'!$D$2:$E$13,2,FALSE),IF(_xlpm.x=0,"",_xlpm.x))) | AA33: =IF(X33="","",_xlfn.LET(_xlpm.x,VLOOKUP(X33,'Drop-down_menus'!$D$2:$E$13,2,FALSE),IF(_xlpm.x=0,"",_xlpm.x))) | AE33: Bruno Danis | AF33: Henri Robert | AG33: =IF(AE33="","",_xlfn.LET(_xlpm.x,VLOOKUP(AE33,'Drop-down_menus'!$D$2:$E$13,2,FALSE),IF(_xlpm.x=0,"",_xlpm.x))) -> https://orcid.org/0000-0002-9037-7623 | AH33: =IF(AF33="","",_xlfn.LET(_xlpm.x,VLOOKUP(AF33,'Drop-down_menus'!$D$2:$E$13,2,FALSE),IF(_xlpm.x=0,"",_xlpm.x)))
B34: 30 | C34: SCUBA_2 | D34: =COUNTIF(Events!$B$2:$B$171, C34) > 0 -> TRUE | E34: Individual | G34: Sterechinus neumayeri | I34: Sterechinus neumayeri | J34: =IF(I34="","",_xlfn.LET(_xlpm.x,VLOOKUP(I34,'2026-01-09_taxon-match'!$A$2:$N$81,4,FALSE),IF(_xlpm.x=0,"",_xlpm.x))) -> Sterechinus neumayeri | L34: =IF(I34="","",_xlfn.LET(_xlpm.x,VLOOKUP(I34,'2026-01-09_taxon-match'!$A$2:$N$81,3,FALSE),IF(_xlpm.x=0,"",_xlpm.x))) -> urn:lsid:marinespecies.org:taxname:160831 | M34: =IF($I34="","",_xlfn.LET(_xlpm.x,VLOOKUP($I34,'2026-01-09_taxon-match'!$A$2:$N$81,5,FALSE),IF(_xlpm.x=0,"",_xlpm.x))) -> (Meissner, 1900) | N34: =IF($I34="","",_xlfn.LET(_xlpm.x,VLOOKUP($I34,'2026-01-09_taxon-match'!$A$2:$N$81,6,FALSE),IF(_xlpm.x=0,"",_xlpm.x))) -> Animalia | O34: =IF($I34="","",_xlfn.LET(_xlpm.x,VLOOKUP($I34,'2026-01-09_taxon-match'!$A$2:$N$81,7,FALSE),IF(_xlpm.x=0,"",_xlpm.x))) -> Echinodermata | P34: =IF($I34="","",_xlfn.LET(_xlpm.x,VLOOKUP($I34,'2026-01-09_taxon-match'!$A$2:$N$81,8,FALSE),IF(_xlpm.x=0,"",_xlpm.x))) -> Echinoidea | Q34: =IF($I34="","",_xlfn.LET(_xlpm.x,VLOOKUP($I34,'2026-01-09_taxon-match'!$A$2:$N$81,9,FALSE),IF(_xlpm.x=0,"",_xlpm.x))) -> Camarodonta | R34: =IF($I34="","",_xlfn.LET(_xlpm.x,VLOOKUP($I34,'2026-01-09_taxon-match'!$A$2:$N$81,10,FALSE),IF(_xlpm.x=0,"",_xlpm.x))) -> Echinidae | S34: =IF($I34="","",_xlfn.LET(_xlpm.x,VLOOKUP($I34,'2026-01-09_taxon-match'!$A$2:$N$81,11,FALSE),IF(_xlpm.x=0,"",_xlpm.x))) -> Sterechinus | T34: =IF($I34="","",_xlfn.LET(_xlpm.x,VLOOKUP($I34,'2026-01-09_taxon-match'!$A$2:$N$81,13,FALSE),IF(_xlpm.x=0,"",_xlpm.x))) -> neumayeri | V34: Camille Moreau | W34: Bruno Danis | X34: Lea Katz | Y34: =IF(V34="","",_xlfn.LET(_xlpm.x,VLOOKUP(V34,'Drop-down_menus'!$D$2:$E$13,2,FALSE),IF(_xlpm.x=0,"",_xlpm.x))) -> https://orcid.org/0000-0002-0981-7442 | Z34: =IF(W34="","",_xlfn.LET(_xlpm.x,VLOOKUP(W34,'Drop-down_menus'!$D$2:$E$13,2,FALSE),IF(_xlpm.x=0,"",_xlpm.x))) -> https://orcid.org/0000-0002-9037-7623 | AA34: =IF(X34="","",_xlfn.LET(_xlpm.x,VLOOKUP(X34,'Drop-down_menus'!$D$2:$E$13,2,FALSE),IF(_xlpm.x=0,"",_xlpm.x))) -> https://orcid.org/0000-0001-5748-602X
B35: 31 | C35: SCUBA_2 | D35: =COUNTIF(Events!$B$2:$B$171, C35) > 0 -> TRUE | E35: Individual | F35: Symbiotes analysis | G35: Sterechinus neumayeri | I35: Sterechinus neumayeri | J35: =IF(I35="","",_xlfn.LET(_xlpm.x,VLOOKUP(I35,'2026-01-09_taxon-match'!$A$2:$N$81,4,FALSE),IF(_xlpm.x=0,"",_xlpm.x))) -> Sterechinus neumayeri | L35: =IF(I35="","",_xlfn.LET(_xlpm.x,VLOOKUP(I35,'2026-01-09_taxon-match'!$A$2:$N$81,3,FALSE),IF(_xlpm.x=0,"",_xlpm.x))) -> urn:lsid:marinespecies.org:taxname:160831 | M35: =IF($I35="","",_xlfn.LET(_xlpm.x,VLOOKUP($I35,'2026-01-09_taxon-match'!$A$2:$N$81,5,FALSE),IF(_xlpm.x=0,"",_xlpm.x))) -> (Meissner, 1900) | N35: =IF($I35="","",_xlfn.LET(_xlpm.x,VLOOKUP($I35,'2026-01-09_taxon-match'!$A$2:$N$81,6,FALSE),IF(_xlpm.x=0,"",_xlpm.x))) -> Animalia | O35: =IF($I35="","",_xlfn.LET(_xlpm.x,VLOOKUP($I35,'2026-01-09_taxon-match'!$A$2:$N$81,7,FALSE),IF(_xlpm.x=0,"",_xlpm.x))) -> Echinodermata | P35: =IF($I35="","",_xlfn.LET(_xlpm.x,VLOOKUP($I35,'2026-01-09_taxon-match'!$A$2:$N$81,8,FALSE),IF(_xlpm.x=0,"",_xlpm.x))) -> Echinoidea | Q35: =IF($I35="","",_xlfn.LET(_xlpm.x,VLOOKUP($I35,'2026-01-09_taxon-match'!$A$2:$N$81,9,FALSE),IF(_xlpm.x=0,"",_xlpm.x))) -> Camarodonta | R35: =IF($I35="","",_xlfn.LET(_xlpm.x,VLOOKUP($I35,'2026-01-09_taxon-match'!$A$2:$N$81,10,FALSE),IF(_xlpm.x=0,"",_xlpm.x))) -> Echinidae | S35: =IF($I35="","",_xlfn.LET(_xlpm.x,VLOOKUP($I35,'2026-01-09_taxon-match'!$A$2:$N$81,11,FALSE),IF(_xlpm.x=0,"",_xlpm.x))) -> Sterechinus | T35: =IF($I35="","",_xlfn.LET(_xlpm.x,VLOOKUP($I35,'2026-01-09_taxon-match'!$A$2:$N$81,13,FALSE),IF(_xlpm.x=0,"",_xlpm.x))) -> neumayeri | U35: 1 | V35: Martin Dogniez | Y35: =IF(V35="","",_xlfn.LET(_xlpm.x,VLOOKUP(V35,'Drop-down_menus'!$D$2:$E$13,2,FALSE),IF(_xlpm.x=0,"",_xlpm.x))) -> https://orcid.org/0000-0002-9708-1761 | Z35: =IF(W35="","",_xlfn.LET(_xlpm.x,VLOOKUP(W35,'Drop-down_menus'!$D$2:$E$13,2,FALSE),IF(_xlpm.x=0,"",_xlpm.x))) | AA35: =IF(X35="","",_xlfn.LET(_xlpm.x,VLOOKUP(X35,'Drop-down_menus'!$D$2:$E$13,2,FALSE),IF(_xlpm.x=0,"",_xlpm.x))) | AE35: Bruno Danis | AF35: Henri Robert | AG35: =IF(AE35="","",_xlfn.LET(_xlpm.x,VLOOKUP(AE35,'Drop-down_menus'!$D$2:$E$13,2,FALSE),IF(_xlpm.x=0,"",_xlpm.x))) -> https://orcid.org/0000-0002-9037-7623 | AH35: =IF(AF35="","",_xlfn.LET(_xlpm.x,VLOOKUP(AF35,'Drop-down_menus'!$D$2:$E$13,2,FALSE),IF(_xlpm.x=0,"",_xlpm.x)))
B36: 31 | C36: SCUBA_2 | D36: =COUNTIF(Events!$B$2:$B$171, C36) > 0 -> TRUE | E36: Individual | G36: Sterechinus neumayeri | I36: Sterechinus neumayeri | J36: =IF(I36="","",_xlfn.LET(_xlpm.x,VLOOKUP(I36,'2026-01-09_taxon-match'!$A$2:$N$81,4,FALSE),IF(_xlpm.x=0,"",_xlpm.x))) -> Sterechinus neumayeri | L36: =IF(I36="","",_xlfn.LET(_xlpm.x,VLOOKUP(I36,'2026-01-09_taxon-match'!$A$2:$N$81,3,FALSE),IF(_xlpm.x=0,"",_xlpm.x))) -> urn:lsid:marinespecies.org:taxname:160831 | M36: =IF($I36="","",_xlfn.LET(_xlpm.x,VLOOKUP($I36,'2026-01-09_taxon-match'!$A$2:$N$81,5,FALSE),IF(_xlpm.x=0,"",_xlpm.x))) -> (Meissner, 1900) | N36: =IF($I36="","",_xlfn.LET(_xlpm.x,VLOOKUP($I36,'2026-01-09_taxon-match'!$A$2:$N$81,6,FALSE),IF(_xlpm.x=0,"",_xlpm.x))) -> Animalia | O36: =IF($I36="","",_xlfn.LET(_xlpm.x,VLOOKUP($I36,'2026-01-09_taxon-match'!$A$2:$N$81,7,FALSE),IF(_xlpm.x=0,"",_xlpm.x))) -> Echinodermata | P36: =IF($I36="","",_xlfn.LET(_xlpm.x,VLOOKUP($I36,'2026-01-09_taxon-match'!$A$2:$N$81,8,FALSE),IF(_xlpm.x=0,"",_xlpm.x))) -> Echinoidea | Q36: =IF($I36="","",_xlfn.LET(_xlpm.x,VLOOKUP($I36,'2026-01-09_taxon-match'!$A$2:$N$81,9,FALSE),IF(_xlpm.x=0,"",_xlpm.x))) -> Camarodonta | R36: =IF($I36="","",_xlfn.LET(_xlpm.x,VLOOKUP($I36,'2026-01-09_taxon-match'!$A$2:$N$81,10,FALSE),IF(_xlpm.x=0,"",_xlpm.x))) -> Echinidae | S36: =IF($I36="","",_xlfn.LET(_xlpm.x,VLOOKUP($I36,'2026-01-09_taxon-match'!$A$2:$N$81,11,FALSE),IF(_xlpm.x=0,"",_xlpm.x))) -> Sterechinus | T36: =IF($I36="","",_xlfn.LET(_xlpm.x,VLOOKUP($I36,'2026-01-09_taxon-match'!$A$2:$N$81,13,FALSE),IF(_xlpm.x=0,"",_xlpm.x))) -> neumayeri | V36: Camille Moreau | W36: Bruno Danis | X36: Lea Katz | Y36: =IF(V36="","",_xlfn.LET(_xlpm.x,VLOOKUP(V36,'Drop-down_menus'!$D$2:$E$13,2,FALSE),IF(_xlpm.x=0,"",_xlpm.x))) -> https://orcid.org/0000-0002-0981-7442 | Z36: =IF(W36="","",_xlfn.LET(_xlpm.x,VLOOKUP(W36,'Drop-down_menus'!$D$2:$E$13,2,FALSE),IF(_xlpm.x=0,"",_xlpm.x))) -> https://orcid.org/0000-0002-9037-7623 | AA36: =IF(X36="","",_xlfn.LET(_xlpm.x,VLOOKUP(X36,'Drop-down_menus'!$D$2:$E$13,2,FALSE),IF(_xlpm.x=0,"",_xlpm.x))) -> https://orcid.org/0000-0001-5748-602X
B37: 32 | C37: SCUBA_2 | D37: =COUNTIF(Events!$B$2:$B$171, C37) > 0 -> TRUE | E37: Individual | F37: Symbiotes analysis | G37: Sterechinus neumayeri | I37: Sterechinus neumayeri | J37: =IF(I37="","",_xlfn.LET(_xlpm.x,VLOOKUP(I37,'2026-01-09_taxon-match'!$A$2:$N$81,4,FALSE),IF(_xlpm.x=0,"",_xlpm.x))) -> Sterechinus neumayeri | L37: =IF(I37="","",_xlfn.LET(_xlpm.x,VLOOKUP(I37,'2026-01-09_taxon-match'!$A$2:$N$81,3,FALSE),IF(_xlpm.x=0,"",_xlpm.x))) -> urn:lsid:marinespecies.org:taxname:160831 | M37: =IF($I37="","",_xlfn.LET(_xlpm.x,VLOOKUP($I37,'2026-01-09_taxon-match'!$A$2:$N$81,5,FALSE),IF(_xlpm.x=0,"",_xlpm.x))) -> (Meissner, 1900) | N37: =IF($I37="","",_xlfn.LET(_xlpm.x,VLOOKUP($I37,'2026-01-09_taxon-match'!$A$2:$N$81,6,FALSE),IF(_xlpm.x=0,"",_xlpm.x))) -> Animalia | O37: =IF($I37="","",_xlfn.LET(_xlpm.x,VLOOKUP($I37,'2026-01-09_taxon-match'!$A$2:$N$81,7,FALSE),IF(_xlpm.x=0,"",_xlpm.x))) -> Echinodermata | P37: =IF($I37="","",_xlfn.LET(_xlpm.x,VLOOKUP($I37,'2026-01-09_taxon-match'!$A$2:$N$81,8,FALSE),IF(_xlpm.x=0,"",_xlpm.x))) -> Echinoidea | Q37: =IF($I37="","",_xlfn.LET(_xlpm.x,VLOOKUP($I37,'2026-01-09_taxon-match'!$A$2:$N$81,9,FALSE),IF(_xlpm.x=0,"",_xlpm.x))) -> Camarodonta | R37: =IF($I37="","",_xlfn.LET(_xlpm.x,VLOOKUP($I37,'2026-01-09_taxon-match'!$A$2:$N$81,10,FALSE),IF(_xlpm.x=0,"",_xlpm.x))) -> Echinidae | S37: =IF($I37="","",_xlfn.LET(_xlpm.x,VLOOKUP($I37,'2026-01-09_taxon-match'!$A$2:$N$81,11,FALSE),IF(_xlpm.x=0,"",_xlpm.x))) -> Sterechinus | T37: =IF($I37="","",_xlfn.LET(_xlpm.x,VLOOKUP($I37,'2026-01-09_taxon-match'!$A$2:$N$81,13,FALSE),IF(_xlpm.x=0,"",_xlpm.x))) -> neumayeri | U37: 1 | V37: Martin Dogniez | Y37: =IF(V37="","",_xlfn.LET(_xlpm.x,VLOOKUP(V37,'Drop-down_menus'!$D$2:$E$13,2,FALSE),IF(_xlpm.x=0,"",_xlpm.x))) -> https://orcid.org/0000-0002-9708-1761 | Z37: =IF(W37="","",_xlfn.LET(_xlpm.x,VLOOKUP(W37,'Drop-down_menus'!$D$2:$E$13,2,FALSE),IF(_xlpm.x=0,"",_xlpm.x))) | AA37: =IF(X37="","",_xlfn.LET(_xlpm.x,VLOOKUP(X37,'Drop-down_menus'!$D$2:$E$13,2,FALSE),IF(_xlpm.x=0,"",_xlpm.x))) | AE37: Bruno Danis | AF37: Henri Robert | AG37: =IF(AE37="","",_xlfn.LET(_xlpm.x,VLOOKUP(AE37,'Drop-down_menus'!$D$2:$E$13,2,FALSE),IF(_xlpm.x=0,"",_xlpm.x))) -> https://orcid.org/0000-0002-9037-7623 | AH37: =IF(AF37="","",_xlfn.LET(_xlpm.x,VLOOKUP(AF37,'Drop-down_menus'!$D$2:$E$13,2,FALSE),IF(_xlpm.x=0,"",_xlpm.x)))
B38: 32 | C38: SCUBA_2 | D38: =COUNTIF(Events!$B$2:$B$171, C38) > 0 -> TRUE | E38: Individual | G38: Sterechinus neumayeri | I38: Sterechinus neumayeri | J38: =IF(I38="","",_xlfn.LET(_xlpm.x,VLOOKUP(I38,'2026-01-09_taxon-match'!$A$2:$N$81,4,FALSE),IF(_xlpm.x=0,"",_xlpm.x))) -> Sterechinus neumayeri | L38: =IF(I38="","",_xlfn.LET(_xlpm.x,VLOOKUP(I38,'2026-01-09_taxon-match'!$A$2:$N$81,3,FALSE),IF(_xlpm.x=0,"",_xlpm.x))) -> urn:lsid:marinespecies.org:taxname:160831 | M38: =IF($I38="","",_xlfn.LET(_xlpm.x,VLOOKUP($I38,'2026-01-09_taxon-match'!$A$2:$N$81,5,FALSE),IF(_xlpm.x=0,"",_xlpm.x))) -> (Meissner, 1900) | N38: =IF($I38="","",_xlfn.LET(_xlpm.x,VLOOKUP($I38,'2026-01-09_taxon-match'!$A$2:$N$81,6,FALSE),IF(_xlpm.x=0,"",_xlpm.x))) -> Animalia | O38: =IF($I38="","",_xlfn.LET(_xlpm.x,VLOOKUP($I38,'2026-01-09_taxon-match'!$A$2:$N$81,7,FALSE),IF(_xlpm.x=0,"",_xlpm.x))) -> Echinodermata | P38: =IF($I38="","",_xlfn.LET(_xlpm.x,VLOOKUP($I38,'2026-01-09_taxon-match'!$A$2:$N$81,8,FALSE),IF(_xlpm.x=0,"",_xlpm.x))) -> Echinoidea | Q38: =IF($I38="","",_xlfn.LET(_xlpm.x,VLOOKUP($I38,'2026-01-09_taxon-match'!$A$2:$N$81,9,FALSE),IF(_xlpm.x=0,"",_xlpm.x))) -> Camarodonta | R38: =IF($I38="","",_xlfn.LET(_xlpm.x,VLOOKUP($I38,'2026-01-09_taxon-match'!$A$2:$N$81,10,FALSE),IF(_xlpm.x=0,"",_xlpm.x))) -> Echinidae | S38: =IF($I38="","",_xlfn.LET(_xlpm.x,VLOOKUP($I38,'2026-01-09_taxon-match'!$A$2:$N$81,11,FALSE),IF(_xlpm.x=0,"",_xlpm.x))) -> Sterechinus | T38: =IF($I38="","",_xlfn.LET(_xlpm.x,VLOOKUP($I38,'2026-01-09_taxon-match'!$A$2:$N$81,13,FALSE),IF(_xlpm.x=0,"",_xlpm.x))) -> neumayeri | V38: Camille Moreau | W38: Bruno Danis | X38: Lea Katz | Y38: =IF(V38="","",_xlfn.LET(_xlpm.x,VLOOKUP(V38,'Drop-down_menus'!$D$2:$E$13,2,FALSE),IF(_xlpm.x=0,"",_xlpm.x))) -> https://orcid.org/0000-0002-0981-7442 | Z38: =IF(W38="","",_xlfn.LET(_xlpm.x,VLOOKUP(W38,'Drop-down_menus'!$D$2:$E$13,2,FALSE),IF(_xlpm.x=0,"",_xlpm.x))) -> https://orcid.org/0000-0002-9037-7623 | AA38: =IF(X38="","",_xlfn.LET(_xlpm.x,VLOOKUP(X38,'Drop-down_menus'!$D$2:$E$13,2,FALSE),IF(_xlpm.x=0,"",_xlpm.x))) -> https://orcid.org/0000-0001-5748-602X
B39: 33 | C39: SCUBA_2 | D39: =COUNTIF(Events!$B$2:$B$171, C39) > 0 -> TRUE | E39: Individual | F39: Symbiotes analysis | G39: Sterechinus neumayeri | I39: Sterechinus neumayeri | J39: =IF(I39="","",_xlfn.LET(_xlpm.x,VLOOKUP(I39,'2026-01-09_taxon-match'!$A$2:$N$81,4,FALSE),IF(_xlpm.x=0,"",_xlpm.x))) -> Sterechinus neumayeri | L39: =IF(I39="","",_xlfn.LET(_xlpm.x,VLOOKUP(I39,'2026-01-09_taxon-match'!$A$2:$N$81,3,FALSE),IF(_xlpm.x=0,"",_xlpm.x))) -> urn:lsid:marinespecies.org:taxname:160831 | M39: =IF($I39="","",_xlfn.LET(_xlpm.x,VLOOKUP($I39,'2026-01-09_taxon-match'!$A$2:$N$81,5,FALSE),IF(_xlpm.x=0,"",_xlpm.x))) -> (Meissner, 1900) | N39: =IF($I39="","",_xlfn.LET(_xlpm.x,VLOOKUP($I39,'2026-01-09_taxon-match'!$A$2:$N$81,6,FALSE),IF(_xlpm.x=0,"",_xlpm.x))) -> Animalia | O39: =IF($I39="","",_xlfn.LET(_xlpm.x,VLOOKUP($I39,'2026-01-09_taxon-match'!$A$2:$N$81,7,FALSE),IF(_xlpm.x=0,"",_xlpm.x))) -> Echinodermata | P39: =IF($I39="","",_xlfn.LET(_xlpm.x,VLOOKUP($I39,'2026-01-09_taxon-match'!$A$2:$N$81,8,FALSE),IF(_xlpm.x=0,"",_xlpm.x))) -> Echinoidea | Q39: =IF($I39="","",_xlfn.LET(_xlpm.x,VLOOKUP($I39,'2026-01-09_taxon-match'!$A$2:$N$81,9,FALSE),IF(_xlpm.x=0,"",_xlpm.x))) -> Camarodonta | R39: =IF($I39="","",_xlfn.LET(_xlpm.x,VLOOKUP($I39,'2026-01-09_taxon-match'!$A$2:$N$81,10,FALSE),IF(_xlpm.x=0,"",_xlpm.x))) -> Echinidae | S39: =IF($I39="","",_xlfn.LET(_xlpm.x,VLOOKUP($I39,'2026-01-09_taxon-match'!$A$2:$N$81,11,FALSE),IF(_xlpm.x=0,"",_xlpm.x))) -> Sterechinus | T39: =IF($I39="","",_xlfn.LET(_xlpm.x,VLOOKUP($I39,'2026-01-09_taxon-match'!$A$2:$N$81,13,FALSE),IF(_xlpm.x=0,"",_xlpm.x))) -> neumayeri | U39: 1 | V39: Martin Dogniez | Y39: =IF(V39="","",_xlfn.LET(_xlpm.x,VLOOKUP(V39,'Drop-down_menus'!$D$2:$E$13,2,FALSE),IF(_xlpm.x=0,"",_xlpm.x))) -> https://orcid.org/0000-0002-9708-1761 | Z39: =IF(W39="","",_xlfn.LET(_xlpm.x,VLOOKUP(W39,'Drop-down_menus'!$D$2:$E$13,2,FALSE),IF(_xlpm.x=0,"",_xlpm.x))) | AA39: =IF(X39="","",_xlfn.LET(_xlpm.x,VLOOKUP(X39,'Drop-down_menus'!$D$2:$E$13,2,FALSE),IF(_xlpm.x=0,"",_xlpm.x))) | AE39: Bruno Danis | AF39: Henri Robert | AG39: =IF(AE39="","",_xlfn.LET(_xlpm.x,VLOOKUP(AE39,'Drop-down_menus'!$D$2:$E$13,2,FALSE),IF(_xlpm.x=0,"",_xlpm.x))) -> https://orcid.org/0000-0002-9037-7623 | AH39: =IF(AF39="","",_xlfn.LET(_xlpm.x,VLOOKUP(AF39,'Drop-down_menus'!$D$2:$E$13,2,FALSE),IF(_xlpm.x=0,"",_xlpm.x)))
B40: 33 | C40: SCUBA_2 | D40: =COUNTIF(Events!$B$2:$B$171, C40) > 0 -> TRUE | E40: Individual | G40: Sterechinus neumayeri | I40: Sterechinus neumayeri | J40: =IF(I40="","",_xlfn.LET(_xlpm.x,VLOOKUP(I40,'2026-01-09_taxon-match'!$A$2:$N$81,4,FALSE),IF(_xlpm.x=0,"",_xlpm.x))) -> Sterechinus neumayeri | L40: =IF(I40="","",_xlfn.LET(_xlpm.x,VLOOKUP(I40,'2026-01-09_taxon-match'!$A$2:$N$81,3,FALSE),IF(_xlpm.x=0,"",_xlpm.x))) -> urn:lsid:marinespecies.org:taxname:160831 | M40: =IF($I40="","",_xlfn.LET(_xlpm.x,VLOOKUP($I40,'2026-01-09_taxon-match'!$A$2:$N$81,5,FALSE),IF(_xlpm.x=0,"",_xlpm.x))) -> (Meissner, 1900) | N40: =IF($I40="","",_xlfn.LET(_xlpm.x,VLOOKUP($I40,'2026-01-09_taxon-match'!$A$2:$N$81,6,FALSE),IF(_xlpm.x=0,"",_xlpm.x))) -> Animalia | O40: =IF($I40="","",_xlfn.LET(_xlpm.x,VLOOKUP($I40,'2026-01-09_taxon-match'!$A$2:$N$81,7,FALSE),IF(_xlpm.x=0,"",_xlpm.x))) -> Echinodermata | P40: =IF($I40="","",_xlfn.LET(_xlpm.x,VLOOKUP($I40,'2026-01-09_taxon-match'!$A$2:$N$81,8,FALSE),IF(_xlpm.x=0,"",_xlpm.x))) -> Echinoidea | Q40: =IF($I40="","",_xlfn.LET(_xlpm.x,VLOOKUP($I40,'2026-01-09_taxon-match'!$A$2:$N$81,9,FALSE),IF(_xlpm.x=0,"",_xlpm.x))) -> Camarodonta | R40: =IF($I40="","",_xlfn.LET(_xlpm.x,VLOOKUP($I40,'2026-01-09_taxon-match'!$A$2:$N$81,10,FALSE),IF(_xlpm.x=0,"",_xlpm.x))) -> Echinidae | S40: =IF($I40="","",_xlfn.LET(_xlpm.x,VLOOKUP($I40,'2026-01-09_taxon-match'!$A$2:$N$81,11,FALSE),IF(_xlpm.x=0,"",_xlpm.x))) -> Sterechinus | T40: =IF($I40="","",_xlfn.LET(_xlpm.x,VLOOKUP($I40,'2026-01-09_taxon-match'!$A$2:$N$81,13,FALSE),IF(_xlpm.x=0,"",_xlpm.x))) -> neumayeri | V40: Camille Moreau | W40: Bruno Danis | X40: Lea Katz | Y40: =IF(V40="","",_xlfn.LET(_xlpm.x,VLOOKUP(V40,'Drop-down_menus'!$D$2:$E$13,2,FALSE),IF(_xlpm.x=0,"",_xlpm.x))) -> https://orcid.org/0000-0002-0981-7442 | Z40: =IF(W40="","",_xlfn.LET(_xlpm.x,VLOOKUP(W40,'Drop-down_menus'!$D$2:$E$13,2,FALSE),IF(_xlpm.x=0,"",_xlpm.x))) -> https://orcid.org/0000-0002-9037-7623 | AA40: =IF(X40="","",_xlfn.LET(_xlpm.x,VLOOKUP(X40,'Drop-down_menus'!$D$2:$E$13,2,FALSE),IF(_xlpm.x=0,"",_xlpm.x))) -> https://orcid.org/0000-0001-5748-602X
B41: 34 | C41: SCUBA_2 | D41: =COUNTIF(Events!$B$2:$B$171, C41) > 0 -> TRUE | E41: Individual | F41: Symbiotes analysis | G41: Sterechinus neumayeri | I41: Sterechinus neumayeri | J41: =IF(I41="","",_xlfn.LET(_xlpm.x,VLOOKUP(I41,'2026-01-09_taxon-match'!$A$2:$N$81,4,FALSE),IF(_xlpm.x=0,"",_xlpm.x))) -> Sterechinus neumayeri | L41: =IF(I41="","",_xlfn.LET(_xlpm.x,VLOOKUP(I41,'2026-01-09_taxon-match'!$A$2:$N$81,3,FALSE),IF(_xlpm.x=0,"",_xlpm.x))) -> urn:lsid:marinespecies.org:taxname:160831 | M41: =IF($I41="","",_xlfn.LET(_xlpm.x,VLOOKUP($I41,'2026-01-09_taxon-match'!$A$2:$N$81,5,FALSE),IF(_xlpm.x=0,"",_xlpm.x))) -> (Meissner, 1900) | N41: =IF($I41="","",_xlfn.LET(_xlpm.x,VLOOKUP($I41,'2026-01-09_taxon-match'!$A$2:$N$81,6,FALSE),IF(_xlpm.x=0,"",_xlpm.x))) -> Animalia | O41: =IF($I41="","",_xlfn.LET(_xlpm.x,VLOOKUP($I41,'2026-01-09_taxon-match'!$A$2:$N$81,7,FALSE),IF(_xlpm.x=0,"",_xlpm.x))) -> Echinodermata | P41: =IF($I41="","",_xlfn.LET(_xlpm.x,VLOOKUP($I41,'2026-01-09_taxon-match'!$A$2:$N$81,8,FALSE),IF(_xlpm.x=0,"",_xlpm.x))) -> Echinoidea | Q41: =IF($I41="","",_xlfn.LET(_xlpm.x,VLOOKUP($I41,'2026-01-09_taxon-match'!$A$2:$N$81,9,FALSE),IF(_xlpm.x=0,"",_xlpm.x))) -> Camarodonta | R41: =IF($I41="","",_xlfn.LET(_xlpm.x,VLOOKUP($I41,'2026-01-09_taxon-match'!$A$2:$N$81,10,FALSE),IF(_xlpm.x=0,"",_xlpm.x))) -> Echinidae | S41: =IF($I41="","",_xlfn.LET(_xlpm.x,VLOOKUP($I41,'2026-01-09_taxon-match'!$A$2:$N$81,11,FALSE),IF(_xlpm.x=0,"",_xlpm.x))) -> Sterechinus | T41: =IF($I41="","",_xlfn.LET(_xlpm.x,VLOOKUP($I41,'2026-01-09_taxon-match'!$A$2:$N$81,13,FALSE),IF(_xlpm.x=0,"",_xlpm.x))) -> neumayeri | U41: 1 | V41: Martin Dogniez | Y41: =IF(V41="","",_xlfn.LET(_xlpm.x,VLOOKUP(V41,'Drop-down_menus'!$D$2:$E$13,2,FALSE),IF(_xlpm.x=0,"",_xlpm.x))) -> https://orcid.org/0000-0002-9708-1761 | Z41: =IF(W41="","",_xlfn.LET(_xlpm.x,VLOOKUP(W41,'Drop-down_menus'!$D$2:$E$13,2,FALSE),IF(_xlpm.x=0,"",_xlpm.x))) | AA41: =IF(X41="","",_xlfn.LET(_xlpm.x,VLOOKUP(X41,'Drop-down_menus'!$D$2:$E$13,2,FALSE),IF(_xlpm.x=0,"",_xlpm.x))) | AE41: Bruno Danis | AF41: Henri Robert | AG41: =IF(AE41="","",_xlfn.LET(_xlpm.x,VLOOKUP(AE41,'Drop-down_menus'!$D$2:$E$13,2,FALSE),IF(_xlpm.x=0,"",_xlpm.x))) -> https://orcid.org/0000-0002-9037-7623 | AH41: =IF(AF41="","",_xlfn.LET(_xlpm.x,VLOOKUP(AF41,'Drop-down_menus'!$D$2:$E$13,2,FALSE),IF(_xlpm.x=0,"",_xlpm.x)))
B42: 34 | C42: SCUBA_2 | D42: =COUNTIF(Events!$B$2:$B$171, C42) > 0 -> TRUE | E42: Individual | G42: Sterechinus neumayeri | I42: Sterechinus neumayeri | J42: =IF(I42="","",_xlfn.LET(_xlpm.x,VLOOKUP(I42,'2026-01-09_taxon-match'!$A$2:$N$81,4,FALSE),IF(_xlpm.x=0,"",_xlpm.x))) -> Sterechinus neumayeri | L42: =IF(I42="","",_xlfn.LET(_xlpm.x,VLOOKUP(I42,'2026-01-09_taxon-match'!$A$2:$N$81,3,FALSE),IF(_xlpm.x=0,"",_xlpm.x))) -> urn:lsid:marinespecies.org:taxname:160831 | M42: =IF($I42="","",_xlfn.LET(_xlpm.x,VLOOKUP($I42,'2026-01-09_taxon-match'!$A$2:$N$81,5,FALSE),IF(_xlpm.x=0,"",_xlpm.x))) -> (Meissner, 1900) | N42: =IF($I42="","",_xlfn.LET(_xlpm.x,VLOOKUP($I42,'2026-01-09_taxon-match'!$A$2:$N$81,6,FALSE),IF(_xlpm.x=0,"",_xlpm.x))) -> Animalia | O42: =IF($I42="","",_xlfn.LET(_xlpm.x,VLOOKUP($I42,'2026-01-09_taxon-match'!$A$2:$N$81,7,FALSE),IF(_xlpm.x=0,"",_xlpm.x))) -> Echinodermata | P42: =IF($I42="","",_xlfn.LET(_xlpm.x,VLOOKUP($I42,'2026-01-09_taxon-match'!$A$2:$N$81,8,FALSE),IF(_xlpm.x=0,"",_xlpm.x))) -> Echinoidea | Q42: =IF($I42="","",_xlfn.LET(_xlpm.x,VLOOKUP($I42,'2026-01-09_taxon-match'!$A$2:$N$81,9,FALSE),IF(_xlpm.x=0,"",_xlpm.x))) -> Camarodonta | R42: =IF($I42="","",_xlfn.LET(_xlpm.x,VLOOKUP($I42,'2026-01-09_taxon-match'!$A$2:$N$81,10,FALSE),IF(_xlpm.x=0,"",_xlpm.x))) -> Echinidae | S42: =IF($I42="","",_xlfn.LET(_xlpm.x,VLOOKUP($I42,'2026-01-09_taxon-match'!$A$2:$N$81,11,FALSE),IF(_xlpm.x=0,"",_xlpm.x))) -> Sterechinus | T42: =IF($I42="","",_xlfn.LET(_xlpm.x,VLOOKUP($I42,'2026-01-09_taxon-match'!$A$2:$N$81,13,FALSE),IF(_xlpm.x=0,"",_xlpm.x))) -> neumayeri | V42: Camille Moreau | W42: Bruno Danis | X42: Lea Katz | Y42: =IF(V42="","",_xlfn.LET(_xlpm.x,VLOOKUP(V42,'Drop-down_menus'!$D$2:$E$13,2,FALSE),IF(_xlpm.x=0,"",_xlpm.x))) -> https://orcid.org/0000-0002-0981-7442 | Z42: =IF(W42="","",_xlfn.LET(_xlpm.x,VLOOKUP(W42,'Drop-down_menus'!$D$2:$E$13,2,FALSE),IF(_xlpm.x=0,"",_xlpm.x))) -> https://orcid.org/0000-0002-9037-7623 | AA42: =IF(X42="","",_xlfn.LET(_xlpm.x,VLOOKUP(X42,'Drop-down_menus'!$D$2:$E$13,2,FALSE),IF(_xlpm.x=0,"",_xlpm.x))) -> https://orcid.org/0000-0001-5748-602X
B43: 35 | C43: SCUBA_2 | D43: =COUNTIF(Events!$B$2:$B$171, C43) > 0 -> TRUE | E43: Individual | F43: Symbiotes analysis | G43: Sterechinus neumayeri | I43: Sterechinus neumayeri | J43: =IF(I43="","",_xlfn.LET(_xlpm.x,VLOOKUP(I43,'2026-01-09_taxon-match'!$A$2:$N$81,4,FALSE),IF(_xlpm.x=0,"",_xlpm.x))) -> Sterechinus neumayeri | L43: =IF(I43="","",_xlfn.LET(_xlpm.x,VLOOKUP(I43,'2026-01-09_taxon-match'!$A$2:$N$81,3,FALSE),IF(_xlpm.x=0,"",_xlpm.x))) -> urn:lsid:marinespecies.org:taxname:160831 | M43: =IF($I43="","",_xlfn.LET(_xlpm.x,VLOOKUP($I43,'2026-01-09_taxon-match'!$A$2:$N$81,5,FALSE),IF(_xlpm.x=0,"",_xlpm.x))) -> (Meissner, 1900) | N43: =IF($I43="","",_xlfn.LET(_xlpm.x,VLOOKUP($I43,'2026-01-09_taxon-match'!$A$2:$N$81,6,FALSE),IF(_xlpm.x=0,"",_xlpm.x))) -> Animalia | O43: =IF($I43="","",_xlfn.LET(_xlpm.x,VLOOKUP($I43,'2026-01-09_taxon-match'!$A$2:$N$81,7,FALSE),IF(_xlpm.x=0,"",_xlpm.x))) -> Echinodermata | P43: =IF($I43="","",_xlfn.LET(_xlpm.x,VLOOKUP($I43,'2026-01-09_taxon-match'!$A$2:$N$81,8,FALSE),IF(_xlpm.x=0,"",_xlpm.x))) -> Echinoidea | Q43: =IF($I43="","",_xlfn.LET(_xlpm.x,VLOOKUP($I43,'2026-01-09_taxon-match'!$A$2:$N$81,9,FALSE),IF(_xlpm.x=0,"",_xlpm.x))) -> Camarodonta | R43: =IF($I43="","",_xlfn.LET(_xlpm.x,VLOOKUP($I43,'2026-01-09_taxon-match'!$A$2:$N$81,10,FALSE),IF(_xlpm.x=0,"",_xlpm.x))) -> Echinidae | S43: =IF($I43="","",_xlfn.LET(_xlpm.x,VLOOKUP($I43,'2026-01-09_taxon-match'!$A$2:$N$81,11,FALSE),IF(_xlpm.x=0,"",_xlpm.x))) -> Sterechinus | T43: =IF($I43="","",_xlfn.LET(_xlpm.x,VLOOKUP($I43,'2026-01-09_taxon-match'!$A$2:$N$81,13,FALSE),IF(_xlpm.x=0,"",_xlpm.x))) -> neumayeri | U43: 1 | V43: Martin Dogniez | Y43: =IF(V43="","",_xlfn.LET(_xlpm.x,VLOOKUP(V43,'Drop-down_menus'!$D$2:$E$13,2,FALSE),IF(_xlpm.x=0,"",_xlpm.x))) -> https://orcid.org/0000-0002-9708-1761 | Z43: =IF(W43="","",_xlfn.LET(_xlpm.x,VLOOKUP(W43,'Drop-down_menus'!$D$2:$E$13,2,FALSE),IF(_xlpm.x=0,"",_xlpm.x))) | AA43: =IF(X43="","",_xlfn.LET(_xlpm.x,VLOOKUP(X43,'Drop-down_menus'!$D$2:$E$13,2,FALSE),IF(_xlpm.x=0,"",_xlpm.x))) | AE43: Bruno Danis | AF43: Henri Robert | AG43: =IF(AE43="","",_xlfn.LET(_xlpm.x,VLOOKUP(AE43,'Drop-down_menus'!$D$2:$E$13,2,FALSE),IF(_xlpm.x=0,"",_xlpm.x))) -> https://orcid.org/0000-0002-9037-7623 | AH43: =IF(AF43="","",_xlfn.LET(_xlpm.x,VLOOKUP(AF43,'Drop-down_menus'!$D$2:$E$13,2,FALSE),IF(_xlpm.x=0,"",_xlpm.x)))
B44: 35 | C44: SCUBA_2 | D44: =COUNTIF(Events!$B$2:$B$171, C44) > 0 -> TRUE | E44: Individual | G44: Sterechinus neumayeri | I44: Sterechinus neumayeri | J44: =IF(I44="","",_xlfn.LET(_xlpm.x,VLOOKUP(I44,'2026-01-09_taxon-match'!$A$2:$N$81,4,FALSE),IF(_xlpm.x=0,"",_xlpm.x))) -> Sterechinus neumayeri | L44: =IF(I44="","",_xlfn.LET(_xlpm.x,VLOOKUP(I44,'2026-01-09_taxon-match'!$A$2:$N$81,3,FALSE),IF(_xlpm.x=0,"",_xlpm.x))) -> urn:lsid:marinespecies.org:taxname:160831 | M44: =IF($I44="","",_xlfn.LET(_xlpm.x,VLOOKUP($I44,'2026-01-09_taxon-match'!$A$2:$N$81,5,FALSE),IF(_xlpm.x=0,"",_xlpm.x))) -> (Meissner, 1900) | N44: =IF($I44="","",_xlfn.LET(_xlpm.x,VLOOKUP($I44,'2026-01-09_taxon-match'!$A$2:$N$81,6,FALSE),IF(_xlpm.x=0,"",_xlpm.x))) -> Animalia | O44: =IF($I44="","",_xlfn.LET(_xlpm.x,VLOOKUP($I44,'2026-01-09_taxon-match'!$A$2:$N$81,7,FALSE),IF(_xlpm.x=0,"",_xlpm.x))) -> Echinodermata | P44: =IF($I44="","",_xlfn.LET(_xlpm.x,VLOOKUP($I44,'2026-01-09_taxon-match'!$A$2:$N$81,8,FALSE),IF(_xlpm.x=0,"",_xlpm.x))) -> Echinoidea | Q44: =IF($I44="","",_xlfn.LET(_xlpm.x,VLOOKUP($I44,'2026-01-09_taxon-match'!$A$2:$N$81,9,FALSE),IF(_xlpm.x=0,"",_xlpm.x))) -> Camarodonta | R44: =IF($I44="","",_xlfn.LET(_xlpm.x,VLOOKUP($I44,'2026-01-09_taxon-match'!$A$2:$N$81,10,FALSE),IF(_xlpm.x=0,"",_xlpm.x))) -> Echinidae | S44: =IF($I44="","",_xlfn.LET(_xlpm.x,VLOOKUP($I44,'2026-01-09_taxon-match'!$A$2:$N$81,11,FALSE),IF(_xlpm.x=0,"",_xlpm.x))) -> Sterechinus | T44: =IF($I44="","",_xlfn.LET(_xlpm.x,VLOOKUP($I44,'2026-01-09_taxon-match'!$A$2:$N$81,13,FALSE),IF(_xlpm.x=0,"",_xlpm.x))) -> neumayeri | V44: Camille Moreau | W44: Bruno Danis | X44: Lea Katz | Y44: =IF(V44="","",_xlfn.LET(_xlpm.x,VLOOKUP(V44,'Drop-down_menus'!$D$2:$E$13,2,FALSE),IF(_xlpm.x=0,"",_xlpm.x))) -> https://orcid.org/0000-0002-0981-7442 | Z44: =IF(W44="","",_xlfn.LET(_xlpm.x,VLOOKUP(W44,'Drop-down_menus'!$D$2:$E$13,2,FALSE),IF(_xlpm.x=0,"",_xlpm.x))) -> https://orcid.org/0000-0002-9037-7623 | AA44: =IF(X44="","",_xlfn.LET(_xlpm.x,VLOOKUP(X44,'Drop-down_menus'!$D$2:$E$13,2,FALSE),IF(_xlpm.x=0,"",_xlpm.x))) -> https://orcid.org/0000-0001-5748-602X
B45: 36 | C45: SCUBA_2 | D45: =COUNTIF(Events!$B$2:$B$171, C45) > 0 -> TRUE | E45: Individual | F45: Symbiotes analysis | G45: Sterechinus neumayeri | I45: Sterechinus neumayeri | J45: =IF(I45="","",_xlfn.LET(_xlpm.x,VLOOKUP(I45,'2026-01-09_taxon-match'!$A$2:$N$81,4,FALSE),IF(_xlpm.x=0,"",_xlpm.x))) -> Sterechinus neumayeri | L45: =IF(I45="","",_xlfn.LET(_xlpm.x,VLOOKUP(I45,'2026-01-09_taxon-match'!$A$2:$N$81,3,FALSE),IF(_xlpm.x=0,"",_xlpm.x))) -> urn:lsid:marinespecies.org:taxname:160831 | M45: =IF($I45="","",_xlfn.LET(_xlpm.x,VLOOKUP($I45,'2026-01-09_taxon-match'!$A$2:$N$81,5,FALSE),IF(_xlpm.x=0,"",_xlpm.x))) -> (Meissner, 1900) | N45: =IF($I45="","",_xlfn.LET(_xlpm.x,VLOOKUP($I45,'2026-01-09_taxon-match'!$A$2:$N$81,6,FALSE),IF(_xlpm.x=0,"",_xlpm.x))) -> Animalia | O45: =IF($I45="","",_xlfn.LET(_xlpm.x,VLOOKUP($I45,'2026-01-09_taxon-match'!$A$2:$N$81,7,FALSE),IF(_xlpm.x=0,"",_xlpm.x))) -> Echinodermata | P45: =IF($I45="","",_xlfn.LET(_xlpm.x,VLOOKUP($I45,'2026-01-09_taxon-match'!$A$2:$N$81,8,FALSE),IF(_xlpm.x=0,"",_xlpm.x))) -> Echinoidea | Q45: =IF($I45="","",_xlfn.LET(_xlpm.x,VLOOKUP($I45,'2026-01-09_taxon-match'!$A$2:$N$81,9,FALSE),IF(_xlpm.x=0,"",_xlpm.x))) -> Camarodonta | R45: =IF($I45="","",_xlfn.LET(_xlpm.x,VLOOKUP($I45,'2026-01-09_taxon-match'!$A$2:$N$81,10,FALSE),IF(_xlpm.x=0,"",_xlpm.x))) -> Echinidae | S45: =IF($I45="","",_xlfn.LET(_xlpm.x,VLOOKUP($I45,'2026-01-09_taxon-match'!$A$2:$N$81,11,FALSE),IF(_xlpm.x=0,"",_xlpm.x))) -> Sterechinus | T45: =IF($I45="","",_xlfn.LET(_xlpm.x,VLOOKUP($I45,'2026-01-09_taxon-match'!$A$2:$N$81,13,FALSE),IF(_xlpm.x=0,"",_xlpm.x))) -> neumayeri | U45: 1 | V45: Martin Dogniez | Y45: =IF(V45="","",_xlfn.LET(_xlpm.x,VLOOKUP(V45,'Drop-down_menus'!$D$2:$E$13,2,FALSE),IF(_xlpm.x=0,"",_xlpm.x))) -> https://orcid.org/0000-0002-9708-1761 | Z45: =IF(W45="","",_xlfn.LET(_xlpm.x,VLOOKUP(W45,'Drop-down_menus'!$D$2:$E$13,2,FALSE),IF(_xlpm.x=0,"",_xlpm.x))) | AA45: =IF(X45="","",_xlfn.LET(_xlpm.x,VLOOKUP(X45,'Drop-down_menus'!$D$2:$E$13,2,FALSE),IF(_xlpm.x=0,"",_xlpm.x))) | AE45: Bruno Danis | AF45: Henri Robert | AG45: =IF(AE45="","",_xlfn.LET(_xlpm.x,VLOOKUP(AE45,'Drop-down_menus'!$D$2:$E$13,2,FALSE),IF(_xlpm.x=0,"",_xlpm.x))) -> https://orcid.org/0000-0002-9037-7623 | AH45: =IF(AF45="","",_xlfn.LET(_xlpm.x,VLOOKUP(AF45,'Drop-down_menus'!$D$2:$E$13,2,FALSE),IF(_xlpm.x=0,"",_xlpm.x)))
B46: 36 | C46: SCUBA_2 | D46: =COUNTIF(Events!$B$2:$B$171, C46) > 0 -> TRUE | E46: Individual | G46: Sterechinus neumayeri | I46: Sterechinus neumayeri | J46: =IF(I46="","",_xlfn.LET(_xlpm.x,VLOOKUP(I46,'2026-01-09_taxon-match'!$A$2:$N$81,4,FALSE),IF(_xlpm.x=0,"",_xlpm.x))) -> Sterechinus neumayeri | L46: =IF(I46="","",_xlfn.LET(_xlpm.x,VLOOKUP(I46,'2026-01-09_taxon-match'!$A$2:$N$81,3,FALSE),IF(_xlpm.x=0,"",_xlpm.x))) -> urn:lsid:marinespecies.org:taxname:160831 | M46: =IF($I46="","",_xlfn.LET(_xlpm.x,VLOOKUP($I46,'2026-01-09_taxon-match'!$A$2:$N$81,5,FALSE),IF(_xlpm.x=0,"",_xlpm.x))) -> (Meissner, 1900) | N46: =IF($I46="","",_xlfn.LET(_xlpm.x,VLOOKUP($I46,'2026-01-09_taxon-match'!$A$2:$N$81,6,FALSE),IF(_xlpm.x=0,"",_xlpm.x))) -> Animalia | O46: =IF($I46="","",_xlfn.LET(_xlpm.x,VLOOKUP($I46,'2026-01-09_taxon-match'!$A$2:$N$81,7,FALSE),IF(_xlpm.x=0,"",_xlpm.x))) -> Echinodermata | P46: =IF($I46="","",_xlfn.LET(_xlpm.x,VLOOKUP($I46,'2026-01-09_taxon-match'!$A$2:$N$81,8,FALSE),IF(_xlpm.x=0,"",_xlpm.x))) -> Echinoidea | Q46: =IF($I46="","",_xlfn.LET(_xlpm.x,VLOOKUP($I46,'2026-01-09_taxon-match'!$A$2:$N$81,9,FALSE),IF(_xlpm.x=0,"",_xlpm.x))) -> Camarodonta | R46: =IF($I46="","",_xlfn.LET(_xlpm.x,VLOOKUP($I46,'2026-01-09_taxon-match'!$A$2:$N$81,10,FALSE),IF(_xlpm.x=0,"",_xlpm.x))) -> Echinidae | S46: =IF($I46="","",_xlfn.LET(_xlpm.x,VLOOKUP($I46,'2026-01-09_taxon-match'!$A$2:$N$81,11,FALSE),IF(_xlpm.x=0,"",_xlpm.x))) -> Sterechinus | T46: =IF($I46="","",_xlfn.LET(_xlpm.x,VLOOKUP($I46,'2026-01-09_taxon-match'!$A$2:$N$81,13,FALSE),IF(_xlpm.x=0,"",_xlpm.x))) -> neumayeri | V46: Camille Moreau | W46: Bruno Danis | X46: Lea Katz | Y46: =IF(V46="","",_xlfn.LET(_xlpm.x,VLOOKUP(V46,'Drop-down_menus'!$D$2:$E$13,2,FALSE),IF(_xlpm.x=0,"",_xlpm.x))) -> https://orcid.org/0000-0002-0981-7442 | Z46: =IF(W46="","",_xlfn.LET(_xlpm.x,VLOOKUP(W46,'Drop-down_menus'!$D$2:$E$13,2,FALSE),IF(_xlpm.x=0,"",_xlpm.x))) -> https://orcid.org/0000-0002-9037-7623 | AA46: =IF(X46="","",_xlfn.LET(_xlpm.x,VLOOKUP(X46,'Drop-down_menus'!$D$2:$E$13,2,FALSE),IF(_xlpm.x=0,"",_xlpm.x))) -> https://orcid.org/0000-0001-5748-602X
B47: 37 | C47: SCUBA_2 | D47: =COUNTIF(Events!$B$2:$B$171, C47) > 0 -> TRUE | E47: Individual | F47: Symbiotes analysis | G47: Sterechinus neumayeri | I47: Sterechinus neumayeri | J47: =IF(I47="","",_xlfn.LET(_xlpm.x,VLOOKUP(I47,'2026-01-09_taxon-match'!$A$2:$N$81,4,FALSE),IF(_xlpm.x=0,"",_xlpm.x))) -> Sterechinus neumayeri | L47: =IF(I47="","",_xlfn.LET(_xlpm.x,VLOOKUP(I47,'2026-01-09_taxon-match'!$A$2:$N$81,3,FALSE),IF(_xlpm.x=0,"",_xlpm.x))) -> urn:lsid:marinespecies.org:taxname:160831 | M47: =IF($I47="","",_xlfn.LET(_xlpm.x,VLOOKUP($I47,'2026-01-09_taxon-match'!$A$2:$N$81,5,FALSE),IF(_xlpm.x=0,"",_xlpm.x))) -> (Meissner, 1900) | N47: =IF($I47="","",_xlfn.LET(_xlpm.x,VLOOKUP($I47,'2026-01-09_taxon-match'!$A$2:$N$81,6,FALSE),IF(_xlpm.x=0,"",_xlpm.x))) -> Animalia | O47: =IF($I47="","",_xlfn.LET(_xlpm.x,VLOOKUP($I47,'2026-01-09_taxon-match'!$A$2:$N$81,7,FALSE),IF(_xlpm.x=0,"",_xlpm.x))) -> Echinodermata | P47: =IF($I47="","",_xlfn.LET(_xlpm.x,VLOOKUP($I47,'2026-01-09_taxon-match'!$A$2:$N$81,8,FALSE),IF(_xlpm.x=0,"",_xlpm.x))) -> Echinoidea | Q47: =IF($I47="","",_xlfn.LET(_xlpm.x,VLOOKUP($I47,'2026-01-09_taxon-match'!$A$2:$N$81,9,FALSE),IF(_xlpm.x=0,"",_xlpm.x))) -> Camarodonta | R47: =IF($I47="","",_xlfn.LET(_xlpm.x,VLOOKUP($I47,'2026-01-09_taxon-match'!$A$2:$N$81,10,FALSE),IF(_xlpm.x=0,"",_xlpm.x))) -> Echinidae | S47: =IF($I47="","",_xlfn.LET(_xlpm.x,VLOOKUP($I47,'2026-01-09_taxon-match'!$A$2:$N$81,11,FALSE),IF(_xlpm.x=0,"",_xlpm.x))) -> Sterechinus | T47: =IF($I47="","",_xlfn.LET(_xlpm.x,VLOOKUP($I47,'2026-01-09_taxon-match'!$A$2:$N$81,13,FALSE),IF(_xlpm.x=0,"",_xlpm.x))) -> neumayeri | U47: 1 | V47: Martin Dogniez | Y47: =IF(V47="","",_xlfn.LET(_xlpm.x,VLOOKUP(V47,'Drop-down_menus'!$D$2:$E$13,2,FALSE),IF(_xlpm.x=0,"",_xlpm.x))) -> https://orcid.org/0000-0002-9708-1761 | Z47: =IF(W47="","",_xlfn.LET(_xlpm.x,VLOOKUP(W47,'Drop-down_menus'!$D$2:$E$13,2,FALSE),IF(_xlpm.x=0,"",_xlpm.x))) | AA47: =IF(X47="","",_xlfn.LET(_xlpm.x,VLOOKUP(X47,'Drop-down_menus'!$D$2:$E$13,2,FALSE),IF(_xlpm.x=0,"",_xlpm.x))) | AE47: Bruno Danis | AF47: Henri Robert | AG47: =IF(AE47="","",_xlfn.LET(_xlpm.x,VLOOKUP(AE47,'Drop-down_menus'!$D$2:$E$13,2,FALSE),IF(_xlpm.x=0,"",_xlpm.x))) -> https://orcid.org/0000-0002-9037-7623 | AH47: =IF(AF47="","",_xlfn.LET(_xlpm.x,VLOOKUP(AF47,'Drop-down_menus'!$D$2:$E$13,2,FALSE),IF(_xlpm.x=0,"",_xlpm.x)))
